[40, 135, 30.0, 27.22, [[], [1550.461648899171, 1555.850969393976, 1560.274119684199], [], []], [[], [1550.4599649848283, 1555.8440253796582, 1560.2688414163586], [], []]]
[40, 138, 30.06, 27.22, [[], [1550.4613281530999, 1555.8508079045591, 1560.2740384795609], [], []], [[], [1550.4600451714705, 1555.845155810602, 1560.268435389533], [], []]]
[40, 141, 30.17, 27.23, [[], [1550.4611677801474, 1555.8508886483876, 1560.2741196842835], [], []], [[], [1550.4601253572832, 1555.8459632500576, 1560.264943637932], [], []]]
[40, 144, 30.4, 27.22, [[], [1550.461007407195, 1555.8500811997128, 1560.2742820936442], [], []], [[], [1550.4603659168777, 1555.8474166498613, 1560.2676233526176], [], []]]
[40, 147, 30.87, 27.16, [[], [1550.4607668478493, 1555.8535532379651, 1560.2748505267034], [], []], [[], [1550.4599649843306, 1555.8483048430348, 1560.2680293675253], [], []]]
[40, 150, 31.4, 27.25, [[], [1550.4607668478493, 1555.8543606889025, 1560.2745257074744], [], []], [[], [1550.4599649842478, 1555.8488700497485, 1560.2690850366125], [], []]]
[40, 153, 31.83, 27.28, [[], [1550.4606064750626, 1555.8543606883998, 1560.274606912535], [], []], [[], [1550.4597244257316, 1555.8470936727883, 1560.2712775463747], [], []]]
[40, 156, 31.98, 27.23, [[], [1550.4609272208847, 1555.8539569627214, 1560.2743632981135], [], []], [[], [1550.4594838662194, 1555.8472551455266, 1560.2715211642621], [], []]]
[40, 159, 31.98, 27.23, [[], [1550.4608470342425, 1555.8552488864339, 1560.2750941407871], [], []], [[], [1550.4598046117096, 1555.8484663200472, 1560.2718459611767], [], []]]
[40, 162, 32.02, 27.25, [[], [1550.4603659158827, 1555.8554911236176, 1560.2753377553777], [], []], [[], [1550.4592433074542, 1555.8481433472487, 1560.2731452453615], [], []]]
[40, 165, 31.98, 27.25, [[], [1550.4606866614558, 1555.856460068665, 1560.274525707559], [], []], [[], [1550.4594838663022, 1555.8511309046798, 1560.274688124527], [], []]]
[40, 168, 31.93, 27.19, [[], [1550.4602857294894, 1555.8561370868988, 1560.274931731426], [], []], [[], [1550.4599649841648, 1555.8516961103878, 1560.2754189709199], [], []]]
[40, 171, 31.85, 27.22, [[], [1550.4602055431792, 1555.8556526138723, 1560.2750129359797], [], []], [[], [1550.4592433078692, 1555.8527458022804, 1560.2747693577353], [], []]]
[40, 174, 31.53, 27.25, [[], [1550.4603659158827, 1555.8560563424003, 1560.2746881174269], [], []], [[], [1550.4598847979373, 1555.8532302808385, 1560.2751753744176], [], []]]
[45, 135, 30.73, 27.2, [[], [1550.461292514666, 1555.8580301224777, 1560.2751212092533], [], []], [[], [1550.459323493765, 1555.8481433472487, 1560.2795604369671], [], []]]
[45, 138, 30.27, 27.2, [[], [1550.4611677802304, 1555.8573482693814, 1560.2750129361489], [], []], [[], [1550.459964984165, 1555.8482240856292, 1560.2802100788904], [], []]]
[45, 141, 29.97, 27.2, [[], [1550.4612479666237, 1555.858559455468, 1560.275175345594], [], []], [[], [1550.4594838663852, 1555.8520998473805, 1560.2760686180839], [], []]]
[45, 144, 29.94, 27.22, [[], [1550.4610252265043, 1555.858388993248, 1560.2750309817836], [], []], [[], [1550.4594036811534, 1555.850888683923, 1560.2813469748464], [], []]]
[45, 147, 29.93, 27.23, [[], [1550.4606064750628, 1555.8583172183678, 1560.274931731257], [], []], [[], [1550.4595640531934, 1555.8530687806106, 1560.2764746548833], [], []]]
[45, 150, 30.0, 27.32, [[], [1550.4603659159657, 1555.8585594547135, 1560.275256550486], [], []], [[], [1550.4601253574488, 1555.8516153965636, 1560.2781799583713], [], []]]
[45, 153, 30.12, 27.14, [[], [1550.460686661539, 1555.8583979627826, 1560.2754189601847], [], []], [[], [1550.4596442392553, 1555.8504042003362, 1560.2858133223367], [], []]]
[45, 156, 30.38, 27.22, [[], [1550.460686661456, 1555.8584787106338, 1560.275418960354], [], []], [[], [1550.4589225626273, 1555.8500812168097, 1560.281996599949], [], []]]
[45, 159, 30.74, 27.2, [[], [1550.4600451703095, 1555.859124674334, 1560.2753377556314], [], []], [[], [1550.4590027491035, 1555.8527458132596, 1560.280128904175], [], []]]
[45, 162, 31.05, 27.2, [[], [1550.4603659158827, 1555.8572675236253, 1560.2750941408715], [], []], [[], [1550.459243307786, 1555.8518575944406, 1560.2834583316173], [], []]]
[45, 165, 31.15, 27.28, [[], [1550.4606064750628, 1555.8581557268558, 1560.2746881171736], [], []], [[], [1550.459964985243, 1555.849919729321, 1560.2816718265337], [], []]]
[45, 168, 31.15, 27.28, [[], [1550.4602857294894, 1555.8565408146721, 1560.2753377553777], [], []], [[], [1550.459403681485, 1555.8542799718934, 1560.2822402510558], [], []]]
[45, 171, 31.2, 27.23, [[], [1550.4605262887521, 1555.857267524296, 1560.275581369715], [], []], [[], [1550.4595640536083, 1555.851534630861, 1560.2878435021928], [], []]]
[45, 174, 31.35, 27.22, [[], [1550.460686661539, 1555.857267525134, 1560.275337755293], [], []], [[], [1550.4591631212268, 1555.8531495247744, 1560.2863005858355], [], []]]
[50, 135, 31.59, 27.26, [[], [1550.459964983999, 1555.8577519973223, 1560.275581369884], [], []], [[], [1550.459243307786, 1555.8488700519276, 1560.2866254103892], [], []]]
[50, 138, 31.79, 27.17, [[], [1550.4600451703923, 1555.8567830505149, 1560.2750941407871], [], []], [[], [1550.4594036809872, 1555.8518576050842, 1560.2837831765423], [], []]]
[50, 141, 31.84, 27.2, [[], [1550.4602857294894, 1555.8572675235416, 1560.2756625746067], [], []], [[], [1550.4590829356634, 1555.8502427039634, 1560.2839455484575], [], []]]
[50, 144, 31.69, 27.19, [[], [1550.459964983999, 1555.8572675240443, 1560.2755813696303], [], []], [[], [1550.4591631215585, 1555.8520190962608, 1560.2813470029942], [], []]]
[50, 147, 31.44, 27.22, [[], [1550.459964984082, 1555.856056341059, 1560.275418960185], [], []], [[], [1550.4595640531104, 1555.8554911556332, 1560.2813469764526], [], []]]
[50, 150, 31.02, 27.22, [[], [1550.4600451703923, 1555.856056341059, 1560.2745257076435], [], []], [[], [1550.4593234940962, 1555.8521805969917, 1560.2833771259643], [], []]]
[50, 153, 30.47, 27.19, [[], [1550.4606064751456, 1555.8544414334851, 1560.275256550655], [], []], [[], [1550.4592433083667, 1555.854764432181, 1560.2828898832583], [], []]]
[50, 156, 30.16, 27.19, [[], [1550.4602857294894, 1555.856137086731, 1560.2753377556314], [], []], [[], [1550.4594036822316, 1555.8489507971804, 1560.2867065549283], [], []]]
[50, 159, 29.94, 27.2, [[], [1550.4601253568685, 1555.8552488874395, 1560.2759873940893], [], []], [[], [1550.4589225627103, 1555.8515346306935, 1560.2861381596533], [], []]]
[50, 162, 29.93, 27.22, [[], [1550.4600451703925, 1555.8562178334928, 1560.2754189604386], [], []], [[], [1550.4595640530274, 1555.8504041909496, 1560.2849201058025], [], []]]
[50, 165, 29.93, 27.17, [[], [1550.460205543179, 1555.8554911235337, 1560.2755001649923], [], []], [[], [1550.4589225625446, 1555.850081211362, 1560.289061621045], [], []]]
[50, 168, 29.95, 27.16, [[], [1550.4598847976888, 1555.8551681417678, 1560.2750129358951], [], []], [[], [1550.4589225626273, 1555.8502426949958, 1560.2953957070802], [], []]]
[50, 171, 29.9, 27.2, [[], [1550.4605262887521, 1555.856056341478, 1560.2756625746913], [], []], [[], [1550.458361259865, 1555.8529880425654, 1560.2914978116685], [], []]]
[50, 174, 29.83, 27.22, [[], [1550.459964984165, 1555.8572675241282, 1560.2750941412096], [], []], [[], [1550.4592433089474, 1555.853795483194, 1560.2854073343076], [], []]]
[55, 135, 29.86, 27.17, [[], [1550.4599649841646, 1555.8576712525723, 1560.2751753456787], [], []], [[], [1550.4581207016804, 1555.855087409673, 1560.2862193705464], [], []]]
[55, 138, 29.9, 27.17, [[], [1550.459403679826, 1555.8579134891693, 1560.2742820934754], [], []], [[], [1550.458441445346, 1555.854925915563, 1560.2866254057403], [], []]]
[55, 141, 29.93, 27.26, [[], [1550.4592433072053, 1555.8591246750884, 1560.274931731426], [], []], [[], [1550.458120701183, 1555.8570253002704, 1560.286625440904], [], []]]
[55, 144, 30.03, 27.32, [[], [1550.459243307288, 1555.8588824371504, 1560.2747693221497], [], []], [[], [1550.4573990256335, 1555.8555718806042, 1560.2886555540692], [], []]]
[55, 147, 30.2, 27.23, [[], [1550.4592433073713, 1555.8600936243263, 1560.2752565506548], [], []], [[], [1550.4589225627935, 1555.8489508512375, 1560.2886555734258], [], []]]
[55, 150, 30.4, 27.23, [[], [1550.4594036798258, 1555.860578099867, 1560.2754189601005], [], []], [[], [1550.4585216328176, 1555.856702321857, 1560.2910105913625], [], []]]
[55, 153, 30.68, 27.17, [[], [1550.4594838663027, 1555.8600128785706, 1560.2749317315106], [], []], [[], [1550.4577999562732, 1555.8552488990056, 1560.291254204601], [], []]]
[55, 156, 31.07, 27.25, [[], [1550.4590829348335, 1555.8615470514515, 1560.2750129362335], [], []], [[], [1550.4572386535106, 1555.856863813117, 1560.2925535122008], [], []]]
[55, 159, 31.49, 27.26, [[], [1550.4589225622954, 1555.8600128790733, 1560.2751753456787], [], []], [[], [1550.457399025468, 1555.857106044266, 1560.2923098107142], [], []]]
[55, 162, 31.79, 27.19, [[], [1550.4593234937645, 1555.8596898956307, 1560.275824984221], [], []], [[], [1550.4578801423347, 1555.8607396092302, 1560.292715912686], [], []]]
[55, 165, 31.98, 27.23, [[], [1550.459163121061, 1555.8602551167598, 1560.2746069122818], [], []], [[], [1550.4576395839842, 1555.8582364724443, 1560.2974259174537], [], []]]
[55, 168, 31.84, 27.22, [[], [1550.4585216311584, 1555.8604973552006, 1560.275418960185], [], []], [[], [1550.4570782813046, 1555.8571060416682, 1560.2971010604401], [], []]]
[55, 171, 31.25, 27.14, [[], [1550.458601817386, 1555.8601743707522, 1560.274931731257], [], []], [[], [1550.4573990257165, 1555.8601743773734, 1560.2967763422234], [], []]]
[55, 174, 30.52, 27.28, [[], [1550.4586018174691, 1555.8583979625314, 1560.2750941407871], [], []], [[], [1550.4577197704602, 1555.8578327489452, 1560.2975884602026], [], []]]
[60, 135, 29.97, 27.22, [[], [1550.4586820038621, 1555.8581557265209, 1560.275094140956], [], []], [[], [1550.4573188393233, 1555.8562178389404, 1560.2923099222926], [], []]]
[60, 138, 29.83, 27.22, [[], [1550.4585216311584, 1555.8584787082868, 1560.275743779414], [], []], [[], [1550.4572386535933, 1555.8538762261844, 1560.2920661989133], [], []]]
[60, 141, 29.88, 27.25, [[], [1550.4587621898406, 1555.8583979629502, 1560.2755001649075], [], []], [[], [1550.4573990253848, 1555.8575905095822, 1560.2893052007262], [], []]]
[60, 144, 30.02, 27.23, [[], [1550.4586018173861, 1555.8583979647103, 1560.275337755378], [], []], [[], [1550.4577999565222, 1555.8570252992647, 1560.2901985165795], [], []]]
[60, 147, 30.46, 27.19, [[], [1550.4586820036134, 1555.8584787088737, 1560.274282093222], [], []], [[], [1550.4563566081601, 1555.8560563460037, 1560.2914166235983], [], []]]
[60, 150, 31.01, 27.17, [[], [1550.4584414449312, 1555.859124675172, 1560.2746069121972], [], []], [[], [1550.4568377242806, 1555.8581557304599, 1560.2879247488413], [], []]]
[60, 153, 31.42, 27.23, [[], [1550.4584414449312, 1555.8562178323195, 1560.2747693218962], [], []], [[], [1550.456917909513, 1555.8541184678102, 1560.2942588502603], [], []]]
[60, 156, 31.77, 27.16, [[], [1550.4592433074542, 1555.857509761312, 1560.2750941408715], [], []], [[], [1550.4571050105721, 1555.8568638045772, 1560.3007464256318], [], []]]
[60, 159, 31.97, 27.2, [[], [1550.4586820036964, 1555.8582364715226, 1560.2755813697993], [], []], [[], [1550.4569980954088, 1555.8583979721693, 1560.2922286842654], [], []]]
[60, 162, 32.06, 27.22, [[], [1550.458441445346, 1555.858478708371, 1560.274931731257], [], []], [[], [1550.4569179095129, 1555.8577520053682, 1560.2925535386587], [], []]]
[60, 165, 32.02, 27.23, [[], [1550.4579603280642, 1555.857751997155, 1560.2757437794985], [], []], [[], [1550.4561962359544, 1555.8553296362963, 1560.2973448139128], [], []]]
[60, 168, 31.89, 27.19, [[], [1550.4578801421685, 1555.8576712516506, 1560.2750941408715], [], []], [[], [1550.4567575381363, 1555.858640220668, 1560.2944213437281], [], []]]
[60, 171, 31.82, 27.23, [[], [1550.4579603280642, 1555.8591246764292, 1560.275418960523], [], []], [[], [1550.4560358636654, 1555.8582364747072, 1560.297832064227], [], []]]
[60, 174, 31.68, 27.2, [[], [1550.4580405142917, 1555.8580749796754, 1560.2756625746067], [], []], [[], [1550.4565169797029, 1555.8570252895424, 1560.3018113156709], [], []]]
[65, 135, 31.55, 27.2, [[], [1550.4582810733057, 1555.8583172176975, 1560.2750941412098], [], []], [[], [1550.4567575378046, 1555.8588016947467, 1560.2940964163022], [], []]]
[65, 138, 31.49, 27.22, [[], [1550.4583612591184, 1555.857509760893, 1560.2750129360643], [], []], [[], [1550.4565971657644, 1555.8551681631393, 1560.2909293598443], [], []]]
[65, 141, 31.47, 27.23, [[], [1550.458040514292, 1555.8558141042945, 1560.275418960016], [], []], [[], [1550.4561962357882, 1555.8555718794305, 1560.288493167277], [], []]]
[65, 144, 31.4, 27.2, [[], [1550.4582008865805, 1555.8547644144967, 1560.2743632979445], [], []], [[], [1550.4571584679466, 1555.8570252996838, 1560.2882495780445], [], []]]
[65, 147, 31.15, 27.19, [[], [1550.4586018174691, 1555.8537954712933, 1560.2748505267878], [], []], [[], [1550.4568377237001, 1555.853230264831, 1560.2938528069517], [], []]]
[65, 150, 30.73, 27.25, [[], [1550.458842376151, 1555.8530687645193, 1560.2744445035125], [], []], [[], [1550.4566773520748, 1555.8516153570893, 1560.295395737849], [], []]]
[65, 153, 30.25, 27.16, [[], [1550.459002748523, 1555.8512923738144, 1560.2749317316798], [], []], [[], [1550.4568377232854, 1555.8507271617368, 1560.2960454366603], [], []]]
[65, 156, 29.95, 27.23, [[], [1550.4587621898406, 1555.849435241293, 1560.2751753458479], [], []], [[], [1550.4565169797029, 1555.848627798401, 1560.2933655978038], [], []]]
[65, 159, 29.8, 27.14, [[], [1550.459163121061, 1555.8475781133802, 1560.274931731257], [], []], [[], [1550.4571584678633, 1555.8505656753373, 1560.2915790219704], [], []]]
[65, 162, 29.78, 27.28, [[], [1550.4590829348335, 1555.8477396024616, 1560.2751753455098], [], []], [[], [1550.4573188400695, 1555.8475781190796, 1560.2955582424743], [], []]]
[65, 165, 29.64, 27.19, [[], [1550.4593234935987, 1555.8482240706273, 1560.2750941408715], [], []], [[], [1550.456917909762, 1555.847174393988, 1560.2953146356608], [], []]]
[65, 168, 29.72, 27.16, [[], [1550.4597244250676, 1555.8471743911382, 1560.2752565507394], [], []], [[], [1550.457238653842, 1555.8479010992537, 1560.2936092588855], [], []]]
[65, 171, 30.0, 27.22, [[], [1550.459564052613, 1555.8468514125568, 1560.2749317318487], [], []], [[], [1550.4569179097618, 1555.8471743964185, 1560.3010803582051], [], []]]
[65, 174, 30.16, 27.19, [[], [1550.459644239089, 1555.846609179312, 1560.2750129364867], [], []], [[], [1550.4571584683613, 1555.8483855636475, 1560.2950710737305], [], []]]
[70, 135, 30.35, 27.17, [[], [1550.4592433073713, 1555.8469321578937, 1560.2740384792228], [], []], [[], [1550.456597165018, 1555.847497371396, 1560.2939339698328], [], []]]
[70, 138, 30.68, 27.22, [[], [1550.4586820036134, 1555.8466899245652, 1560.2747693216425], [], []], [[], [1550.4563566077456, 1555.8465284369927, 1560.2884119475088], [], []]]
[70, 141, 30.99, 27.17, [[], [1550.4588423760683, 1555.8461247132416, 1560.2740384792228], [], []], [[], [1550.4573990260483, 1555.8485470639594, 1560.287843595766], [], []]]
[70, 144, 31.15, 27.23, [[], [1550.4586820036134, 1555.8455595014157, 1560.2742820933065], [], []], [[], [1550.4569980958236, 1555.8470129057446, 1560.2885743490924], [], []]]
[70, 147, 31.28, 27.14, [[], [1550.4590027487718, 1555.8449135463475, 1560.2741196840302], [], []], [[], [1550.4568377233686, 1555.8466091847597, 1560.2955582051982], [], []]]
[70, 150, 31.44, 27.19, [[], [1550.459163121393, 1555.845478756833, 1560.2746069121972], [], []], [[], [1550.4573188410648, 1555.8474166374574, 1560.2892240752908], [], []]]
[70, 153, 31.64, 27.23, [[], [1550.458281073057, 1555.8448328021004, 1560.274119683861], [], []], [[], [1550.4568377239489, 1555.8467706689798, 1560.293690457776], [], []]]
[70, 156, 31.78, 27.23, [[], [1550.4588423760683, 1555.8447520579373, 1560.2737136607545], [], []], [[], [1550.4565169807813, 1555.845963226088, 1560.2888180166829], [], []]]
[70, 159, 31.72, 27.14, [[], [1550.4582008867467, 1555.8450750350098, 1560.2746069122818], [], []], [[], [1550.457479212856, 1555.8457209917538, 1560.2932031781304], [], []]]
[70, 162, 31.36, 27.19, [[], [1550.4584414452631, 1555.8444290811997, 1560.2742008887526], [], []], [[], [1550.4563566071654, 1555.8460439725145, 1560.296126607318], [], []]]
[70, 165, 30.7, 27.25, [[], [1550.458682004028, 1555.8441868480384, 1560.274119684199], [], []], [[], [1550.4572386539248, 1555.8466091836704, 1560.2932031699315], [], []]]
[70, 168, 30.2, 27.17, [[], [1550.4582008865805, 1555.8440253594604, 1560.2745257073898], [], []], [[], [1550.4555547496182, 1555.8446713147794, 1560.296613926524], [], []]]
[70, 171, 29.82, 27.19, [[], [1550.4582008866637, 1555.8441868478715, 1560.2743632986208], [], []], [[], [1550.456677351494, 1555.845236525181, 1560.3010802309868], [], []]]
[70, 174, 29.84, 27.23, [[], [1550.4578801421687, 1555.843540894312, 1560.2735512515626], [], []], [[], [1550.4561962367009, 1555.8453980193747, 1560.299618768971], [], []]]
[75, 135, 29.89, 27.13, [[], [1550.4577999559413, 1555.8433794060688, 1560.273794865731], [], []], [[], [1550.4559556782674, 1555.8442675924532, 1560.2844328608985], [], []]]
[75, 138, 29.91, 27.19, [[], [1550.4571584672826, 1555.8434601504837, 1560.2734700469246], [], []], [[], [1550.4554745622297, 1555.8445905712028, 1560.2879246968566], [], []]]
[75, 141, 30.0, 27.22, [[], [1550.456998095326, 1555.8432986618216, 1560.2739572745845], [], []], [[], [1550.4552340045427, 1555.8433794065718, 1560.2867878257518], [], []]]
[75, 144, 30.15, 27.19, [[], [1550.4569179090156, 1555.8438638711334, 1560.2738760707073], [], []], [[], [1550.4563566099023, 1555.8441061049646, 1560.2854885376778], [], []]]
[75, 147, 30.32, 27.28, [[], [1550.4561160491462, 1555.8437831268025, 1560.2744445028363], [], []], [[], [1550.4549934482657, 1555.8439446158, 1560.2877622731262], [], []]]
[75, 150, 30.44, 27.16, [[], [1550.4557953054805, 1555.8437023828064, 1560.2735512515626], [], []], [[], [1550.4553141928438, 1555.843783127724, 1560.285894608373], [], []]]
[75, 153, 30.61, 27.23, [[], [1550.4564367929777, 1555.8436216385594, 1560.273957274669], [], []], [[], [1550.455234004377, 1555.8437831273054, 1560.2909294459791], [], []]]
[75, 156, 30.95, 27.25, [[], [1550.4558754913764, 1555.8437023827228, 1560.2733888422863], [], []], [[], [1550.4547528901642, 1555.8441061045457, 1560.2917414508572], [], []]]
[75, 159, 31.55, 27.26, [[], [1550.456597165018, 1555.8441868482064, 1560.2732264330095], [], []], [[], [1550.4550736330834, 1555.8441061037915, 1560.2904421764774], [], []]]
[75, 162, 31.8, 27.19, [[], [1550.4561160493952, 1555.844267592286, 1560.2740384792228], [], []], [[], [1550.4549132628679, 1555.8447520596976, 1560.2886556040253], [], []]]
[75, 165, 31.49, 27.19, [[], [1550.454993446773, 1555.8442675922022, 1560.2731452282874], [], []], [[], [1550.4541114043257, 1555.8445905717056, 1560.2918226630186], [], []]]
[75, 168, 30.93, 27.2, [[], [1550.4553943760025, 1555.844186847871, 1560.27371366067], [], []], [[], [1550.4554745625617, 1555.8442675928727, 1560.293040854313], [], []]]
[75, 171, 30.53, 27.2, [[], [1550.4556349336062, 1555.845398013424, 1560.27298281918], [], []], [[], [1550.4553141929268, 1555.8445098282127, 1560.2950711384822], [], []]]
[75, 174, 30.23, 27.13, [[], [1550.4553943760025, 1555.8449942914335, 1560.2737136607543], [], []], [[], [1550.4537104776675, 1555.8450750409606, 1560.2916603131669], [], []]]
[80, 135, 29.89, 27.2, [[], [1550.4548330750647, 1555.8449135463477, 1560.2735512513934], [], []], [[], [1550.4540312188449, 1555.8443483367846, 1560.2867066756355], [], []]]
[80, 138, 29.87, 27.25, [[], [1550.4543519606027, 1555.8452365245942, 1560.2736324566233], [], []], [[], [1550.4543519606857, 1555.8444290819539, 1560.285569699038], [], []]]
[80, 141, 30.08, 27.25, [[], [1550.4548330751477, 1555.845640245663, 1560.2733888422015], [], []], [[], [1550.453469918985, 1555.84515578261, 1560.2852448678063], [], []]]
[80, 144, 30.52, 27.2, [[], [1550.4541114030822, 1555.845155779425, 1560.273307638155], [], []], [[], [1550.4538708484636, 1555.8446713171263, 1560.2851636711137], [], []]]
[80, 147, 30.96, 27.23, [[], [1550.454672703771, 1555.845317268087, 1560.2735512515624], [], []], [[], [1550.4533095476913, 1555.8450750392008, 1560.2861381358164], [], []]]
[80, 150, 31.28, 27.2, [[], [1550.454512331814, 1555.8455595011642, 1560.27322643301], [], []], [[], [1550.4537104775013, 1555.84515578261, 1560.2854073632166], [], []]]
[80, 153, 31.42, 27.2, [[], [1550.4544321463327, 1555.84523652384, 1560.273307637817], [], []], [[], [1550.454271778025, 1555.8446713173776, 1560.2859757704096], [], []]]
[80, 156, 31.41, 27.2, [[], [1550.4543519604372, 1555.8463669459838, 1560.2731452282028], [], []], [[], [1550.4539510334469, 1555.8463669510122, 1560.2875186665656], [], []]]
[80, 159, 31.23, 27.17, [[], [1550.4555547479597, 1555.8449942910142, 1560.27322643301], [], []], [[], [1550.4541915903876, 1555.846205459668, 1560.292797127045], [], []]]
[80, 162, 30.99, 27.23, [[], [1550.4553141903557, 1555.8462862014007, 1560.2731452287098], [], []], [[], [1550.4545123356288, 1555.8455595042653, 1560.288168386593], [], []]]
[80, 165, 30.87, 27.19, [[], [1550.4548330751475, 1555.8464476902307, 1560.2738760699463], [], []], [[], [1550.4529086206182, 1555.8462054620989, 1560.2860569731042], [], []]]
[80, 168, 30.91, 27.19, [[], [1550.4542717746244, 1555.8456402454117, 1560.2729016145418], [], []], [[], [1550.4540312197573, 1555.845963229776, 1560.2942588692802], [], []]]
[80, 171, 31.13, 27.23, [[], [1550.454432146167, 1555.8476588588849, 1560.2733888422015], [], []], [[], [1550.4550736344931, 1555.8449942931934, 1560.291010657042], [], []]]
[80, 174, 31.23, 27.26, [[], [1550.4543519602714, 1555.8472551357206, 1560.272739205688], [], []], [[], [1550.453630290196, 1555.8458017376777, 1560.292391172238], [], []]]
[85, 135, 31.32, 27.14, [[], [1550.454351960603, 1555.846205456567, 1560.273226432925], [], []], [[], [1550.4541915916318, 1555.844832804615, 1560.2802101210696], [], []]]
[85, 138, 31.45, 27.2, [[], [1550.4533897318454, 1555.8471743904677, 1560.2730640238183], [], []], [[], [1550.4529086205357, 1555.846851416915, 1560.2827274857314], [], []]]
[85, 141, 31.68, 27.23, [[], [1550.4532293608004, 1555.848304815126, 1560.2729016148796], [], []], [[], [1550.45282843605, 1555.8469321650177, 1560.2839455652784], [], []]]
[85, 144, 31.69, 27.16, [[], [1550.4534699175751, 1555.8486277942943, 1560.2733888427088], [], []], [[], [1550.452748247832, 1555.846528438585, 1560.285407298637], [], []]]
[85, 147, 31.26, 27.23, [[], [1550.4533095464476, 1555.8494352408738, 1560.2729016145415], [], []], [[], [1550.4520265817378, 1555.8479011039467, 1560.2832959388234], [], []]]
[85, 150, 30.42, 27.13, [[], [1550.4529888036113, 1555.850000455298, 1560.2737948653082], [], []], [[], [1550.4541915917146, 1555.84580173575, 1560.2840268235072], [], []]]
[85, 153, 30.1, 27.17, [[], [1550.4533897320944, 1555.8502426893808, 1560.2731452286255], [], []], [[], [1550.4523473235786, 1555.8482240769968, 1560.2824838802696], [], []]]
[85, 156, 29.97, 27.22, [[], [1550.452908618296, 1555.850727158468, 1560.2720083652969], [], []], [[], [1550.4506634335378, 1555.8500812102725, 1560.2846764268018], [], []]]
[85, 159, 29.95, 27.19, [[], [1550.4520265766782, 1555.8524228038364, 1560.2731452286253], [], []], [[], [1550.451545467442, 1555.849112271595, 1560.285650968932], [], []]]
[85, 162, 29.91, 27.23, [[], [1550.4519463913632, 1555.8520190784097, 1560.272901614626], [], []], [[], [1550.4523473206757, 1555.847416628741, 1560.2861382393635], [], []]]
[85, 165, 29.99, 27.16, [[], [1550.4518662057162, 1555.8517768430697, 1560.2729828193492], [], []], [[], [1550.452427508562, 1555.8483855684249, 1560.2848388735238], [], []]]
[85, 168, 29.97, 27.13, [[], [1550.4524275046638, 1555.851211628729, 1560.2729828199404], [], []], [[], [1550.4526680625995, 1555.8478203530785, 1560.2881683556557], [], []]]
[85, 171, 29.95, 27.22, [[], [1550.4520265768442, 1555.8504849237988, 1560.272658000965], [], []], [[], [1550.4529888062652, 1555.8479010977449, 1560.2859757606045], [], []]]
[85, 174, 29.95, 27.17, [[], [1550.4529086180473, 1555.8500004553819, 1560.2726580013034], [], []], [[], [1550.4540312221625, 1555.8470936527578, 1560.2900361843936], [], []]]
[90, 135, 29.92, 27.19, [[], [1550.4533897322603, 1555.8488700276228, 1560.2729016154713], [], []], [[], [1550.4529086209502, 1555.8474166268134, 1560.2777739380542], [], []]]
[90, 138, 29.96, 27.19, [[], [1550.4529888037773, 1555.8484663048778, 1560.2732264330944], [], []], [[], [1550.4513850963972, 1555.847820357772, 1560.2806161051244], [], []]]
[90, 141, 29.98, 27.19, [[], [1550.4533897318456, 1555.8484663047939, 1560.273145228625], [], []], [[], [1550.4521067643159, 1555.8474166320098, 1560.2824026575427], [], []]]
[90, 144, 29.97, 27.2, [[], [1550.453068989258, 1555.8489507730433, 1560.2733076376483], [], []], [[], [1550.4515454674422, 1555.848466313594, 1560.2831334839022], [], []]]
[90, 147, 30.18, 27.25, [[], [1550.4531491753194, 1555.8491122626272, 1560.2729016148796], [], []], [[], [1550.452267137683, 1555.8478203565987, 1560.281996629618], [], []]]
[90, 150, 30.45, 27.17, [[], [1550.4531491749879, 1555.8488700273715, 1560.274038479392], [], []], [[], [1550.4532293623765, 1555.8474166305848, 1560.2849200305727], [], []]]
[90, 153, 30.87, 27.19, [[], [1550.454111403082, 1555.8477396024614, 1560.2736324563698], [], []], [[], [1550.4534699189853, 1555.8463669483303, 1560.2824026539079], [], []]]
[90, 156, 31.42, 27.16, [[], [1550.4541114033304, 1555.8477396027133, 1560.2731452283715], [], []], [[], [1550.4543519629253, 1555.845559503427, 1560.2825651268336], [], []]]
[90, 159, 31.96, 27.22, [[], [1550.4538708460582, 1555.8470129013863, 1560.273632456116], [], []], [[], [1550.454191589724, 1555.8458017352468, 1560.2840268268883], [], []]]
[90, 162, 32.03, 27.2, [[], [1550.453870846224, 1555.847901091962, 1560.273876069862], [], []], [[], [1550.4527482520616, 1555.8476588698638, 1560.285975737021], [], []]]
[90, 165, 31.82, 27.2, [[], [1550.4542717747904, 1555.846932156804, 1560.2733888420328], [], []], [[], [1550.452668063844, 1555.8481433300674, 1560.285488512827], [], []]]
[90, 168, 31.36, 27.2, [[], [1550.4541915888944, 1555.8469321566363, 1560.273551251309], [], []], [[], [1550.4538708492103, 1555.8470936505787, 1560.2851637301142], [], []]]
[90, 171, 30.95, 27.22, [[], [1550.453710474599, 1555.8474166245508, 1560.2735512512245], [], []], [[], [1550.4533897329234, 1555.8467706688123, 1560.282321474713], [], []]]
[90, 174, 30.85, 27.22, [[], [1550.453630288786, 1555.8473358796327, 1560.2737948652234], [], []], [[], [1550.4533095475258, 1555.8467706693987, 1560.2915789875674], [], []]]
[95, 135, 30.71, 27.17, [[], [1550.4534699179071, 1555.8474973688815, 1560.2734700465865], [], []], [[], [1550.4540312187619, 1555.8459632234903, 1560.2788296047747], [], []]]
[95, 138, 30.6, 27.17, [[], [1550.4533095464471, 1555.8479818370474, 1560.2733888422017], [], []], [[], [1550.453068992327, 1555.8489507882969, 1560.2746881503074], [], []]]
[95, 141, 30.41, 27.2, [[], [1550.453630289035, 1555.8486277933723, 1560.2737948653926], [], []], [[], [1550.4529888047723, 1555.845559502924, 1560.280372503297], [], []]]
[95, 144, 30.25, 27.25, [[], [1550.4539510319541, 1555.8475781132965, 1560.2737948652236], [], []], [[], [1550.4533897338358, 1555.8469321583125, 1560.2791544270467], [], []]]
[95, 147, 30.22, 27.28, [[], [1550.453630288869, 1555.8480625810432, 1560.2737136609235], [], []], [[], [1550.453389733421, 1555.8470936494891, 1560.2811845493409], [], []]]
[95, 150, 30.19, 27.25, [[], [1550.453550103554, 1555.8492737516249, 1560.2730640237335], [], []], [[], [1550.4523473199292, 1555.8486277978977, 1560.28045371512], [], []]]
[95, 153, 30.13, 27.17, [[], [1550.4528284324006, 1555.8490315172069, 1560.273551251309], [], []], [[], [1550.451224724606, 1555.8483855680893, 1560.2823214346467], [], []]]
[95, 156, 29.88, 27.22, [[], [1550.45266806119, 1555.8504041789647, 1560.27322643301], [], []], [[], [1550.450984168163, 1555.8495967380845, 1560.2854884593207], [], []]]
[95, 159, 29.83, 27.17, [[], [1550.4519463913632, 1555.8498389650435, 1560.27411968403], [], []], [[], [1550.4512247247717, 1555.8483855685085, 1560.2817529915287], [], []]]
[95, 162, 29.84, 27.22, [[], [1550.4526680611068, 1555.851696098152, 1560.27322643301], [], []], [[], [1550.4519463938516, 1555.8491930096402, 1560.2821590391482], [], []]]
[95, 165, 29.81, 27.2, [[], [1550.4520265766782, 1555.8509693935569, 1560.2741196839456], [], []], [[], [1550.4506634268196, 1555.8491122694159, 1560.2841891975354], [], []]]
[95, 168, 29.82, 27.26, [[], [1550.452267133453, 1555.8504041811439, 1560.2739572747537], [], []], [[], [1550.4517860235533, 1555.8491122679911, 1560.28532607853], [], []]]
[95, 171, 29.84, 27.19, [[], [1550.452347319017, 1555.850404178881, 1560.274282093222], [], []], [[], [1550.453068990751, 1555.847901093219, 1560.280940952839], [], []]]
[95, 174, 29.88, 27.16, [[], [1550.4526680613556, 1555.8504849239666, 1560.2735512517315], [], []], [[], [1550.4515454681055, 1555.850242700611, 1560.283539525013], [], []]]
[100, 135, 29.95, 27.19, [[], [1550.4525878759578, 1555.850969393054, 1560.2737948652236], [], []], [[], [1550.453389733504, 1555.846770671662, 1560.2746881406715], [], []]]
[100, 138, 30.03, 27.2, [[], [1550.4526680615213, 1555.8500004545435, 1560.2740384792228], [], []], [[], [1550.4529086199548, 1555.8475781164811, 1560.274119700597], [], []]]
[100, 141, 30.01, 27.14, [[], [1550.452267133287, 1555.8496774754594, 1560.2745257073898], [], []], [[], [1550.453790662817, 1555.846528435065, 1560.2769618640325], [], []]]
[100, 144, 30.08, 27.17, [[], [1550.4533897318456, 1555.8500004546274, 1560.2732264329252], [], []], [[], [1550.452828434225, 1555.8479818391424, 1560.2784235658617], [], []]]
[100, 147, 30.08, 27.22, [[], [1550.4527482469193, 1555.850646413802, 1560.2736324563698], [], []], [[], [1550.4534699198146, 1555.8482240727224, 1560.2758250169327], [], []]]
[100, 150, 30.07, 27.23, [[], [1550.4525878757086, 1555.8495967310444, 1560.27322643301], [], []], [[], [1550.4531491754856, 1555.8474166242154, 1560.2777739234311], [], []]]
[100, 153, 30.11, 27.19, [[], [1550.4530689895068, 1555.8501619445467, 1560.273551251309], [], []], [[], [1550.452988806846, 1555.8481433313248, 1560.276555871102], [], []]]
[100, 156, 30.25, 27.17, [[], [1550.452347318851, 1555.850081201054, 1560.2739572747537], [], []], [[], [1550.452828432566, 1555.8474166251372, 1560.278829597421], [], []]]
[100, 159, 30.32, 27.19, [[], [1550.452186947972, 1555.8512923742335, 1560.2734700467552], [], []], [[], [1550.4505832410068, 1555.8500812053283, 1560.278992007627], [], []]]
[100, 162, 30.27, 27.19, [[], [1550.4523473189338, 1555.8504849239664, 1560.2734700465865], [], []], [[], [1550.4533095468619, 1555.8474973711443, 1560.2806161133235], [], []]]
[100, 165, 30.15, 27.2, [[], [1550.4532293605519, 1555.8505656687166, 1560.273226432756], [], []], [[], [1550.4524275064055, 1555.8490315219, 1560.2793168317587], [], []]]
[100, 168, 29.96, 27.23, [[], [1550.4529888036113, 1555.8506464135505, 1560.2742008886682], [], []], [[], [1550.4514652798046, 1555.8491122654768, 1560.2819966095008], [], []]]
[100, 171, 29.86, 27.22, [[], [1550.452507690062, 1555.8510501383066, 1560.27452570739], [], []], [[], [1550.452908619872, 1555.848304820825, 1560.2798852845967], [], []]]
[100, 174, 29.88, 27.23, [[], [1550.452748247251, 1555.8502426900513, 1560.2742820933065], [], []], [[], [1550.451385096314, 1555.8512116364393, 1560.2834583113304], [], []]]
[105, 135, 29.99, 27.22, [[], [1550.4533897319284, 1555.8506464147238, 1560.2742008887528], [], []], [[], [1550.4513049099207, 1555.8488700360874, 1560.2743633136665], [], []]]
[105, 138, 30.28, 27.22, [[], [1550.4537906604116, 1555.850969393808, 1560.274038479392], [], []], [[], [1550.4512247234445, 1555.8495967401795, 1560.2785047579903], [], []]]
[105, 141, 30.66, 27.23, [[], [1550.453469917741, 1555.8500004552145, 1560.27452570739], [], []], [[], [1550.4521869492162, 1555.8486277977302, 1560.277773917261], [], []]]
[105, 144, 30.9, 27.19, [[], [1550.4523473189342, 1555.849919710045, 1560.2749317313417], [], []], [[], [1550.451786022641, 1555.848708541726, 1560.2765558417714], [], []]]
[105, 147, 31.14, 27.19, [[], [1550.4538708461414, 1555.8491930072937, 1560.2742820934752], [], []], [[], [1550.4537104775013, 1555.8478203500613, 1560.2759874167423], [], []]]
[105, 150, 31.22, 27.19, [[], [1550.4536302889521, 1555.8503234345499, 1560.2746069121972], [], []], [[], [1550.453309546862, 1555.8466091801502, 1560.2773678911963], [], []]]
[105, 153, 31.31, 27.2, [[], [1550.4538708461414, 1555.8491930068747, 1560.2741196841146], [], []], [[], [1550.4533095476086, 1555.8471743911384, 1560.276312230984], [], []]]
[105, 156, 31.36, 27.14, [[], [1550.453630288786, 1555.8489507737136, 1560.2742820935598], [], []], [[], [1550.4538708463901, 1555.846932158061, 1560.2779363280583], [], []]]
[105, 159, 31.36, 27.14, [[], [1550.4537906603284, 1555.849515985959, 1560.2745257077281], [], []], [[], [1550.4537906619043, 1555.84709364731, 1560.2767994744506], [], []]]
[105, 162, 31.3, 27.17, [[], [1550.4537104748474, 1555.8495967301226, 1560.2742008886682], [], []], [[], [1550.4536302906106, 1555.8481433270504, 1560.2780987462104], [], []]]
[105, 165, 31.16, 27.16, [[], [1550.4537104747646, 1555.8500004550465, 1560.2748505267034], [], []], [[], [1550.4513049118284, 1555.8501619524247, 1560.2798040562911], [], []]]
[105, 168, 31.05, 27.22, [[], [1550.4533897321774, 1555.8491930068744, 1560.2742820936444], [], []], [[], [1550.4530689908338, 1555.8477396042215, 1560.2773679128347], [], []]]
[105, 171, 30.93, 27.2, [[], [1550.4532293607178, 1555.850404179384, 1560.2747693217273], [], []], [[], [1550.451465281712, 1555.848870033992, 1560.2805348998097], [], []]]
[105, 174, 31.03, 27.22, [[], [1550.4526680611898, 1555.8511308832246, 1560.2742008886682], [], []], [[], [1550.4506634257411, 1555.8502426948282, 1560.279560446941], [], []]]
[110, 135, 31.09, 27.13, [[], [1550.4525076905597, 1555.8516960991576, 1560.2733888421171], [], []], [[], [1550.452267138844, 1555.8511308896782, 1560.273307645171], [], []]]
[110, 138, 30.94, 27.16, [[], [1550.4519463912804, 1555.8537954714611, 1560.2744445028363], [], []], [[], [1550.4505030545308, 1555.851938337347, 1560.2760686060813], [], []]]
[110, 141, 30.47, 27.25, [[], [1550.4520265769274, 1555.8541991974748, 1560.2742008888372], [], []], [[], [1550.450903983843, 1555.8508079146166, 1560.2764746378093], [], []]]
[110, 144, 30.14, 27.16, [[], [1550.45130490793, 1555.8539569625536, 1560.2736324559473], [], []], [[], [1550.4509841670847, 1555.8514538659965, 1560.2767182551895], [], []]]
[110, 147, 29.94, 27.19, [[], [1550.4504228681374, 1555.8551681416836, 1560.2749317313414], [], []], [[], [1550.4489795387692, 1555.8541184624462, 1560.276555841602], [], []]]
[110, 150, 30.05, 27.23, [[], [1550.4503426828223, 1555.8558141047135, 1560.2736324560315], [], []], [[], [1550.4504228708743, 1555.8529072813049, 1560.2761498122409], [], []]]
[110, 153, 30.31, 27.2, [[], [1550.4503426826564, 1555.8554911233662, 1560.2743632979448], [], []], [[], [1550.4483380555848, 1555.8537954801773, 1560.2782611603893], [], []]]
[110, 156, 30.58, 27.23, [[], [1550.4508237948785, 1555.8562178319003, 1560.2733076375637], [], []], [[], [1550.4502624986683, 1555.8525035531961, 1560.2772866838532], [], []]]
[110, 159, 30.81, 27.23, [[], [1550.4507436101442, 1555.8554103782808, 1560.27452570739], [], []], [[], [1550.44881916648, 1555.8532302645795, 1560.2760686140268], [], []]]
[110, 162, 30.99, 27.22, [[], [1550.4506634240827, 1555.8548451600852, 1560.2743632980291], [], []], [[], [1550.450823795791, 1555.8508886524944, 1560.2758249969002], [], []]]
[110, 165, 30.73, 27.17, [[], [1550.4505832387676, 1555.854279943817, 1560.2735512515624], [], []], [[], [1550.4505832415045, 1555.8513731232579, 1560.2750941687652], [], []]]
[110, 168, 30.13, 27.16, [[], [1550.4511445368857, 1555.8541184536462, 1560.2736324560317], [], []], [[], [1550.4514652794728, 1555.8525842980298, 1560.2767182534144], [], []]]
[110, 171, 29.94, 27.17, [[], [1550.4512247222005, 1555.854118452557, 1560.2742008886682], [], []], [[], [1550.4480173162322, 1555.8543606960263, 1560.2784235526758], [], []]]
[110, 174, 30.74, 27.23, [[], [1550.4512247220346, 1555.8536339806199, 1560.27371366067], [], []], [[], [1550.452267135029, 1555.8511308889235, 1560.2741197138675], [], []]]
[115, 135, 32.08, 27.16, [[], [1550.4512247222833, 1555.854764414497, 1560.2733888422015], [], []], [[], [1550.4508237977816, 1555.8520190850304, 1560.2730640299883], [], []]]
[115, 138, 32.32, 27.23, [[], [1550.4509841657577, 1555.8563793246692, 1560.2744445027517], [], []], [[], [1550.4510643545561, 1555.8525035543692, 1560.271115136084], [], []]]
[115, 141, 31.66, 27.19, [[], [1550.4514652786434, 1555.8550066504233, 1560.2741196842835], [], []], [[], [1550.4493804626904, 1555.8532302618974, 1560.276555831966], [], []]]
[115, 144, 30.63, 27.17, [[], [1550.4518662057164, 1555.85363398062, 1560.2746069121972], [], []], [[], [1550.449059722923, 1555.8538762224969, 1560.2755001775022], [], []]]
[115, 147, 30.15, 27.16, [[], [1550.4519463913634, 1555.8534724901976, 1560.2737948652236], [], []], [[], [1550.4488993514635, 1555.8529880296587, 1560.276474641782], [], []]]
[115, 150, 30.83, 27.19, [[], [1550.4514652783116, 1555.852988019937, 1560.274688117089], [], []], [[], [1550.4519463959252, 1555.8501619486533, 1560.2742821022662], [], []]]
[115, 153, 31.88, 27.22, [[], [1550.4522671333702, 1555.8532302566177, 1560.2750129364872], [], []], [[], [1550.4515454666957, 1555.850807910007, 1560.2775303000496], [], []]]
[115, 156, 32.4, 27.22, [[], [1550.452347318934, 1555.8510501383068, 1560.2753377554623], [], []], [[], [1550.4518662078729, 1555.849758224819, 1560.2744445227], [], []]]
[115, 159, 32.36, 27.19, [[], [1550.4535501031392, 1555.850727159474, 1560.2744445026674], [], []], [[], [1550.4531491801304, 1555.848950777904, 1560.2753377612103], [], []]]
[115, 162, 32.22, 27.08, [[], [1550.453550103222, 1555.8519383331566, 1560.2750129362332], [], []], [[], [1550.4535501048808, 1555.8488700302207, 1560.2746881401647], [], []]]
[115, 165, 32.13, 27.14, [[], [1550.4533095466963, 1555.8503234343823, 1560.275418960185], [], []], [[], [1550.453710478414, 1555.8491122628789, 1560.2750941770487], [], []]]
[115, 168, 31.94, 27.17, [[], [1550.4535501031392, 1555.8511308832246, 1560.275256550486], [], []], [[], [1550.4519463930224, 1555.8504041847477, 1560.277855122998], [], []]]
[115, 171, 31.79, 27.25, [[], [1550.4539510318712, 1555.85008119921, 1560.2755813701374], [], []], [[], [1550.4529086191255, 1555.8500812047416, 1560.2763934219292], [], []]]
[115, 174, 31.52, 27.13, [[], [1550.4543519603542, 1555.8495967310446, 1560.2764746236087], [], []], [[], [1550.4534699182386, 1555.8488700290477, 1560.2793980242252], [], []]]
[120, 135, 30.85, 27.19, [[], [1550.4541114030817, 1555.851211628226, 1560.2755001650771], [], []], [[], [1550.4527482483295, 1555.8495159887248, 1560.2733076427196], [], []]]
[120, 138, 30.33, 27.14, [[], [1550.454031217518, 1555.8504849236313, 1560.2764746236933], [], []], [[], [1550.4529888070117, 1555.849193008216, 1560.2731452377543], [], []]]
[120, 141, 30.06, 27.2, [[], [1550.4542717747902, 1555.8499197098777, 1560.2754189601005], [], []], [[], [1550.4519463921097, 1555.8502426932362, 1560.2755001742903], [], []]]
[120, 144, 30.0, 27.23, [[], [1550.4537906604944, 1555.850404178965, 1560.2761498037885], [], []], [[], [1550.4530689911658, 1555.848304816048, 1560.2751753512575], [], []]]
[120, 147, 29.94, 27.23, [[], [1550.4537906605774, 1555.850404178965, 1560.2755813697995], [], []], [[], [1550.4527482503202, 1555.8488700311427, 1560.2738760845693], [], []]]
[120, 150, 30.0, 27.17, [[], [1550.4537906602457, 1555.8513731178941, 1560.2757437796674], [], []], [[], [1550.4530689900043, 1555.849515986881, 1560.2762310152732], [], []]]
[120, 153, 30.03, 27.17, [[], [1550.453630289035, 1555.8529072742647, 1560.2763934185482], [], []], [[], [1550.45178602206, 1555.8508886550085, 1560.2765558451524], [], []]]
[120, 156, 30.01, 27.17, [[], [1550.453068989175, 1555.8518575880712, 1560.2759873942584], [], []], [[], [1550.4521067669698, 1555.8503234415898, 1560.2746881235976], [], []]]
[120, 159, 30.17, 27.17, [[], [1550.4531491749049, 1555.8524228034178, 1560.2764746235243], [], []], [[], [1550.4516256520105, 1555.8501619517544, 1560.2774491005675], [], []]]
[120, 162, 30.7, 27.26, [[], [1550.4526680611898, 1555.851696099744, 1560.276718238453], [], []], [[], [1550.451304910833, 1555.8513731251855, 1560.2769618631028], [], []]]
[120, 165, 31.55, 27.2, [[], [1550.4534699174924, 1555.8529072744325, 1560.276474623609], [], []], [[], [1550.452668062185, 1555.8502426911407, 1560.277692708988], [], []]]
[120, 168, 32.02, 27.25, [[], [1550.4532293609666, 1555.8531495096886, 1560.2763122135718], [], []], [[], [1550.4507436133786, 1555.852503555794, 1560.2767994516284], [], []]]
[120, 171, 31.96, 27.16, [[], [1550.452427504664, 1555.853311000446, 1560.2765558290923], [], []], [[], [1550.4512247236933, 1555.8511308882532, 1560.2757437862606], [], []]]
[120, 174, 31.67, 27.25, [[], [1550.4528284325665, 1555.8545221780673, 1560.2764746236091], [], []], [[], [1550.4532293622933, 1555.8502426947446, 1560.2733888571627], [], []]]
[125, 135, 31.0, 27.2, [[], [1550.4533095463644, 1555.8541991974748, 1560.2761498041266], [], []], [[], [1550.4509039825991, 1555.8554103823876, 1560.2750941556637], [], []]]
[125, 138, 30.52, 27.22, [[], [1550.452267133453, 1555.8541991979773, 1560.2758249843903], [], []], [[], [1550.4505030551113, 1555.8531495153875, 1560.2757437958965], [], []]]
[125, 141, 30.33, 27.13, [[], [1550.452427504581, 1555.8542799428114, 1560.2764746238624], [], []], [[], [1550.4500219430547, 1555.8538762194798, 1560.2763122227852], [], []]]
[125, 144, 30.13, 27.25, [[], [1550.4517860202354, 1555.8545221783188, 1560.2763934186326], [], []], [[], [1550.4502625013224, 1555.8545221847723, 1560.2746069270738], [], []]]
[125, 147, 30.07, 27.14, [[], [1550.4517058346714, 1555.8553296322734, 1560.2765558284161], [], []], [[], [1550.4522671338677, 1555.8519383353355, 1560.2750129396145], [], []]]
[125, 150, 30.0, 27.23, [[], [1550.4516256494394, 1555.8547644147484, 1560.2767182383686], [], []], [[], [1550.4502625014882, 1555.8544414394357, 1560.2762310153576], [], []]]
[125, 153, 30.0, 27.16, [[], [1550.4529086181306, 1555.855168141181, 1560.276718238707], [], []], [[], [1550.4511445373832, 1555.8535532412332, 1560.2747693296726], [], []]]
[125, 156, 30.03, 27.17, [[], [1550.4532293608831, 1555.8541184518863, 1560.2764746236087], [], []], [[], [1550.45210676415, 1555.8509693967414, 1560.2748505295772], [], []]]
[125, 159, 30.14, 27.26, [[], [1550.4531491752368, 1555.8541184519702, 1560.2758249843057], [], []], [[], [1550.4503426864717, 1555.854279953539, 1560.2755813860283], [], []]]
[125, 162, 30.24, 27.16, [[], [1550.453630288869, 1555.8537954712097, 1560.27647462344], [], []], [[], [1550.4533095487698, 1555.8504041818983, 1560.273713682393], [], []]]
[125, 165, 30.27, 27.2, [[], [1550.4536302891179, 1555.8538762167977, 1560.2768806483214], [], []], [[], [1550.452828435469, 1555.8511308891752, 1560.2737136779135], [], []]]
[125, 168, 30.23, 27.19, [[], [1550.4529086182133, 1555.8532302546064, 1560.2763934185482], [], []], [[], [1550.4524275092256, 1555.8514538732882, 1560.27720548099], [], []]]
[125, 171, 30.08, 27.16, [[], [1550.4537906602454, 1555.853633980536, 1560.2764746236935], [], []], [[], [1550.452267135029, 1555.8529880262224, 1560.2774490981164], [], []]]
[125, 174, 29.96, 27.19, [[], [1550.4534699175754, 1555.8525842938398, 1560.2763122138251], [], []], [[], [1550.4531491768125, 1555.8503234365614, 1560.2742821142688], [], []]]
[130, 135, 29.92, 27.2, [[], [1550.453550103388, 1555.8542799443198, 1560.2759873942582], [], []], [[], [1550.4524275066542, 1555.852584299455, 1560.2729828279705], [], []]]
[130, 138, 30.08, 27.2, [[], [1550.452988803611, 1555.8546029244098, 1560.2767994433452], [], []], [[], [1550.451144537466, 1555.8519383359221, 1560.2754189819084], [], []]]
[130, 141, 30.2, 27.16, [[], [1550.4528284324836, 1555.853230255193, 1560.2768806481522], [], []], [[], [1550.450663426405, 1555.8533917511465, 1560.2761498216232], [], []]]
[130, 144, 30.27, 27.19, [[], [1550.452988803611, 1555.85339174528, 1560.2770430582739], [], []], [[], [1550.4517860211479, 1555.8513731199055, 1560.2753377635768], [], []]]
[130, 147, 30.22, 27.11, [[], [1550.453149175071, 1555.8539569622183, 1560.276961853382], [], []], [[], [1550.4529086190423, 1555.8503234344662, 1560.2746881193711], [], []]]
[130, 150, 30.07, 27.2, [[], [1550.4529086182133, 1555.8526650403496, 1560.2767182384532], [], []], [[], [1550.451705837077, 1555.8521805775479, 1560.277692715074], [], []]]
[130, 153, 30.08, 27.11, [[], [1550.4533897317624, 1555.8532302557794, 1560.2772866734563], [], []], [[], [1550.4523473220029, 1555.8529072762763, 1560.27420090532], [], []]]
[130, 156, 30.05, 27.17, [[], [1550.454351960603, 1555.8534724902815, 1560.2767994437677], [], []], [[], [1550.4529086186278, 1555.8530687724813, 1560.2759061988334], [], []]]
[130, 159, 30.02, 27.17, [[], [1550.4541915888117, 1555.8537954724666, 1560.2771242633346], [], []], [[], [1550.4516256536695, 1555.8529880341844, 1560.2774490995537], [], []]]
[130, 162, 29.99, 27.2, [[], [1550.4538708460584, 1555.8538762174683, 1560.277367878348], [], []], [[], [1550.4517860218943, 1555.852503557638, 1560.2774490968488], [], []]]
[130, 165, 29.99, 27.2, [[], [1550.4547528894177, 1555.8522613132468, 1560.27728667371], [], []], [[], [1550.4523473220856, 1555.8519383381852, 1560.2737136687845], [], []]]
[130, 168, 29.98, 27.17, [[], [1550.4537906604944, 1555.852019078577, 1560.2776114939531], [], []], [[], [1550.4540312191768, 1555.8504041796355, 1560.2745257242107], [], []]]
[130, 171, 29.92, 27.2, [[], [1550.4537104745987, 1555.8530687651898, 1560.2776926987603], [], []], [[], [1550.4537906618214, 1555.850727159558, 1560.2726580196454], [], []]]
[130, 174, 29.97, 27.11, [[], [1550.4538708460582, 1555.851776843237, 1560.2774490832396], [], []], [[], [1550.4532293611323, 1555.8504849236313, 1560.2727392214097], [], []]]
[135, 135, 30.01, 27.2, [[], [1550.4546727036882, 1555.8525035495086, 1560.2772866732028], [], []], [[], [1550.4523473222516, 1555.8529072813049, 1560.2747693296726], [], []]]
[135, 138, 30.07, 27.2, [[], [1550.4551538183155, 1555.8504849239666, 1560.2776114935307], [], []], [[], [1550.4535501043003, 1555.8497582210478, 1560.2746881246962], [], []]]
[135, 141, 30.17, 27.1, [[], [1550.454672703771, 1555.8507271587198, 1560.2779363136892], [], []], [[], [1550.4538708467217, 1555.8506464140532, 1560.2765558371225], [], []]]
[135, 144, 30.28, 27.2, [[], [1550.454031217352, 1555.8517768430697, 1560.2778551087974], [], []], [[], [1550.4527482495737, 1555.8507271639996, 1560.2772054819197], [], []]]
[135, 147, 30.38, 27.16, [[], [1550.4547528892522, 1555.850727158552, 1560.277611493784], [], []], [[], [1550.4533897340848, 1555.8512923763287, 1560.272658021674], [], []]]
[135, 150, 30.54, 27.19, [[], [1550.4541915888117, 1555.851130883057, 1560.2779363138584], [], []], [[], [1550.453229361215, 1555.8500004550465, 1560.2760686044753], [], []]]
[135, 153, 30.74, 27.16, [[], [1550.4545925177922, 1555.85008119921, 1560.2780987244028], [], []], [[], [1550.4529086187936, 1555.8510501407375, 1560.2761498210316], [], []]]
[135, 156, 31.03, 27.17, [[], [1550.4549934468562, 1555.851130883141, 1560.2788295700345], [], []], [[], [1550.4532293608836, 1555.850646413886, 1560.2771242671383], [], []]]
[135, 159, 31.23, 27.17, [[], [1550.4545925178752, 1555.850888648136, 1560.278179929041], [], []], [[], [1550.4517860215624, 1555.852422811044, 1560.2776927163418], [], []]]
[135, 162, 31.46, 27.2, [[], [1550.4550736328342, 1555.8511308828056, 1560.2784235444767], [], []], [[], [1550.4539510327004, 1555.8510501389774, 1560.2776115143238], [], []]]
[135, 165, 31.71, 27.14, [[], [1550.4542717745414, 1555.851696097565, 1560.2789919807478], [], []], [[], [1550.453229361796, 1555.8527457882844, 1560.2757437972487], [], []]]
[135, 168, 31.88, 27.23, [[], [1550.4548330750645, 1555.8508886483037, 1560.279073186062], [], []], [[], [1550.4541915900556, 1555.8510501390613, 1560.2744445163603], [], []]]
[135, 171, 32.0, 27.19, [[], [1550.454993446773, 1555.8516153528988, 1560.2784235445613], [], []], [[], [1550.4530689909166, 1555.8529880253004, 1560.2742009037138], [], []]]
[135, 174, 32.01, 27.22, [[], [1550.4549132609602, 1555.8504849234637, 1560.2789107757717], [], []], [[], [1550.4533095480233, 1555.8502426895484, 1560.276961856594], [], []]]
[140, 135, 32.04, 27.2, [[], [1550.454432146167, 1555.8513731178941, 1560.2780987239798], [], []], [[], [1550.4522671366049, 1555.8521805764583, 1560.2774491000605], [], []]]
[140, 138, 31.94, 27.19, [[], [1550.4546727035222, 1555.8516960977327, 1560.2780987245715], [], []], [[], [1550.4541915903044, 1555.851776843321, 1560.2740384842098], [], []]]
[140, 141, 31.71, 27.19, [[], [1550.454752889335, 1555.8526650385897, 1560.278179929379], [], []], [[], [1550.4532293618786, 1555.8525035514363, 1560.2767994488393], [], []]]
[140, 144, 31.44, 27.14, [[], [1550.4542717748732, 1555.852584294007, 1560.2786671598283], [], []], [[], [1550.4537906622359, 1555.8513731184808, 1560.2746881392347], [], []]]
[140, 147, 31.37, 27.16, [[], [1550.4534699174924, 1555.8533110000271, 1560.2782611340172], [], []], [[], [1550.4532293622935, 1555.8512923796811, 1560.2755813744484], [], []]]
[140, 150, 31.43, 27.22, [[], [1550.4538708458924, 1555.8534724907006, 1560.278423544477], [], []], [[], [1550.4532293608004, 1555.8515346105792, 1560.2756625769734], [], []]]
[140, 153, 31.44, 27.17, [[], [1550.4539510317052, 1555.853876216798, 1560.2785859552746], [], []], [[], [1550.4525076909742, 1555.8537954766575, 1560.2774490893257], [], []]]
[140, 156, 31.44, 27.17, [[], [1550.4537906601624, 1555.8546836688247, 1560.2783423395006], [], []], [[], [1550.4516256519278, 1555.8552488972455, 1560.2763934273387], [], []]]
[140, 159, 31.3, 27.23, [[], [1550.4531491752364, 1555.8554103787837, 1560.2776114937842], [], []], [[], [1550.4521869498797, 1555.8532302590481, 1560.2736324866303], [], []]]
[140, 162, 31.08, 27.17, [[], [1550.4528284323178, 1555.8550873963472, 1560.2780987247406], [], []], [[], [1550.4515454685202, 1555.8551681579431, 1560.275337766028], [], []]]
[140, 165, 30.92, 27.13, [[], [1550.4532293607176, 1555.8566215597575, 1560.2776114936994], [], []], [[], [1550.4517058374086, 1555.853311008492, 1560.2753377672957], [], []]]
[140, 168, 30.81, 27.22, [[], [1550.4527482468366, 1555.855571868703, 1560.2776114938686], [], []], [[], [1550.451786022475, 1555.8529072815563, 1560.2768806572813], [], []]]
[140, 171, 30.78, 27.17, [[], [1550.452427504581, 1555.8569445416076, 1560.2779363138584], [], []], [[], [1550.450743618604, 1555.8550066665152, 1560.2751753539624], [], []]]
[140, 174, 30.7, 27.16, [[], [1550.4521067624912, 1555.857267523793, 1560.2768806484057], [], []], [[], [1550.4493804650958, 1555.857186796643, 1560.2775302992045], [], []]]
[145, 135, 30.44, 27.16, [[], [1550.4522671334532, 1555.8583979633695, 1560.277611493615], [], []], [[], [1550.450422870294, 1555.8577520082176, 1560.2751753564135], [], []]]
[145, 138, 30.12, 27.13, [[], [1550.4513850928306, 1555.8595284039513, 1560.2771242635883], [], []], [[], [1550.4513850966462, 1555.8563793304522, 1560.2729828395504], [], []]]
[145, 141, 29.9, 27.22, [[], [1550.4509039802765, 1555.8613855607778, 1560.2769618535513], [], []], [[], [1550.4509039840918, 1555.85686380373, 1560.2747693290812], [], []]]
[145, 144, 29.78, 27.17, [[], [1550.4506634242484, 1555.8604166084392, 1560.2767994441904], [], []], [[], [1550.449059718942, 1555.8583172221392, 1560.276149810973], [], []]]
[145, 147, 29.89, 27.14, [[], [1550.4504228680546, 1555.8628389894116, 1560.276880648406], [], []], [[], [1550.4501021300289, 1555.8571867858313, 1560.2707903191374], [], []]]
[145, 150, 30.03, 27.17, [[], [1550.449380459124, 1555.8622737668582, 1560.277286673287], [], []], [[], [1550.4493804615295, 1555.8592054334156, 1560.2758250023944], [], []]]
[145, 153, 30.24, 27.19, [[], [1550.4491399032618, 1555.8618700358159, 1560.2770430583582], [], []], [[], [1550.4486587955184, 1555.8581557372486, 1560.2737948857632], [], []]]
[145, 156, 30.66, 27.14, [[], [1550.449380459207, 1555.8630004817617, 1560.2770430583582], [], []], [[], [1550.4501823167539, 1555.8579135011544, 1560.2710339434486], [], []]]
[145, 159, 31.35, 27.19, [[], [1550.4493804590413, 1555.862516004796, 1560.2768806483214], [], []], [[], [1550.4486587986698, 1555.8587209587963, 1560.2753377643376], [], []]]
[145, 162, 31.91, 27.13, [[], [1550.4488191630799, 1555.863161974195, 1560.276961853382], [], []], [[], [1550.4496210159818, 1555.8591246791948, 1560.2736324589055], [], []]]
[145, 165, 31.89, 27.16, [[], [1550.4493002742238, 1555.8638886907752, 1560.2764746233556], [], []], [[], [1550.4508238016797, 1555.858317231107, 1560.2717647645684], [], []]]
[145, 168, 31.4, 27.1, [[], [1550.4487389775986, 1555.8632427206217, 1560.2768806484903], [], []], [[], [1550.4480173223697, 1555.8583979714153, 1560.2731452326823], [], []]]
[145, 171, 30.73, 27.16, [[], [1550.4488993476484, 1555.864050183544, 1560.2765558285005], [], []], [[], [1550.4480975021277, 1555.8592861743105, 1560.2746881312048], [], []]]
[145, 174, 30.27, 27.14, [[], [1550.4476163857585, 1555.8634849589787, 1560.2759061890283], [], []], [[], [1550.446974911532, 1555.8602551211181, 1560.2753377725367], [], []]]
[150, 135, 29.95, 27.16, [[], [1550.4484984218193, 1555.8653421242702, 1560.2761498039574], [], []], [[], [1550.4493804609488, 1555.8602551201961, 1560.2733888444839], [], []]]
[150, 138, 29.97, 27.1, [[], [1550.449059718776, 1555.8646154081096, 1560.2759061893667], [], []], [[], [1550.4488993508, 1555.8623545206597, 1560.273145229893], [], []]]
[150, 141, 30.13, 27.13, [[], [1550.4483380521015, 1555.8642924218173, 1560.275094140956], [], []], [[], [1550.448017312251, 1555.8616278016493, 1560.2739572822763], [], []]]
[150, 144, 30.39, 27.19, [[], [1550.4475362006092, 1555.8649383926415, 1560.2756625745224], [], []], [[], [1550.4478569475098, 1555.8622737740657, 1560.2732264659749], [], []]]
[150, 147, 30.69, 27.17, [[], [1550.4480974963221, 1555.8652613776762, 1560.2759061893667], [], []], [[], [1550.4494606480885, 1555.8599321382621, 1560.2725768019905], [], []]]
[150, 150, 31.04, 27.17, [[], [1550.4478569407916, 1555.8649383925579, 1560.2759873941736], [], []], [[], [1550.4477767613648, 1555.861224076893, 1560.2752565585158], [], []]]
[150, 153, 31.45, 27.08, [[], [1550.4474560155434, 1555.86453466118, 1560.2763934184636], [], []], [[], [1550.4476163882468, 1555.8603358677956, 1560.275987413953], [], []]]
[150, 156, 31.84, 27.16, [[], [1550.4478569407083, 1555.8645346612639, 1560.2762310091025], [], []], [[], [1550.4478569475928, 1555.8607396009331, 1560.2735512586628], [], []]]
[150, 159, 32.03, 27.16, [[], [1550.4473758303939, 1555.865019138649, 1560.276312213741], [], []], [[], [1550.44881916648, 1555.8601743820668, 1560.2738760769619], [], []]]
[150, 162, 31.7, 27.19, [[], [1550.4481776813052, 1555.8660688429454, 1560.2763934185482], [], []], [[], [1550.446654172345, 1555.861466310473, 1560.2748505363393], [], []]]
[150, 165, 31.01, 27.2, [[], [1550.4476965709907, 1555.8658266034986, 1560.2767994432604], [], []], [[], [1550.446814538911, 1555.8620315348705, 1560.2745257188008], [], []]]
[150, 168, 30.36, 27.2, [[], [1550.4478569409573, 1555.8651806318364, 1560.2766370334768], [], []], [[], [1550.4492200933041, 1555.8613048254144, 1560.2705467098717], [], []]]
[150, 171, 30.16, 27.14, [[], [1550.447135275444, 1555.8656651103108, 1560.2763122138253], [], []], [[], [1550.445291026633, 1555.8634042174976, 1560.2751753546383], [], []]]
[150, 174, 30.13, 27.19, [[], [1550.447215460759, 1555.8654228706966, 1560.276637033308], [], []], [[], [1550.4484984290352, 1555.8614663192732, 1560.2705467129995], [], []]]
[155, 135, 30.28, 27.13, [[], [1550.448097496156, 1555.8659073503443, 1560.2755001654991], [], []], [[], [1550.4468947241432, 1555.8647769004592, 1560.274688124189], [], []]]
[155, 138, 30.41, 27.17, [[], [1550.4481776817202, 1555.8658266028283, 1560.2750941408715], [], []], [[], [1550.448257872675, 1555.8634042174133, 1560.273876081273], [], []]]
[155, 141, 30.46, 27.16, [[], [1550.448498421819, 1555.8662303355466, 1560.2767182385378], [], []], [[], [1550.4470550936953, 1555.8627582475112, 1560.2757438012218], [], []]]
[155, 144, 30.41, 27.14, [[], [1550.4486587925326, 1555.8652613783468, 1560.276555828585], [], []], [[], [1550.4479371297562, 1555.8631619842527, 1560.2757437873593], [], []]]
[155, 147, 30.33, 27.13, [[], [1550.448498422234, 1555.8657458564858, 1560.276312213741], [], []], [[], [1550.448257869938, 1555.8608203438394, 1560.2746881217379], [], []]]
[155, 150, 30.13, 27.13, [[], [1550.4469749053944, 1555.8648576461314, 1560.2770430582736], [], []], [[], [1550.4488993500536, 1555.8601743765353, 1560.2752565613898], [], []]]
[155, 153, 30.02, 27.16, [[], [1550.4465739803948, 1555.865503617123, 1560.2772866732028], [], []], [[], [1550.4477767578815, 1555.8617085489138, 1560.2744445074852], [], []]]
[155, 156, 29.93, 27.19, [[], [1550.446573980395, 1555.8650998849075, 1560.277449083916], [], []], [[], [1550.4477767579647, 1555.861062581526, 1560.275906196974], [], []]]
[155, 159, 29.87, 27.2, [[], [1550.447215460427, 1555.8647768994535, 1560.2780987243182], [], []], [[], [1550.4468947282903, 1555.861304827091, 1560.2743633194987], [], []]]
[155, 162, 29.91, 27.2, [[], [1550.446894720494, 1555.8651806314176, 1560.277367878348], [], []], [[], [1550.4464937982311, 1555.8621122777768, 1560.2775303081646], [], []]]
[155, 165, 30.0, 27.2, [[], [1550.4465739805605, 1555.865422870529, 1560.2781799290408], [], []], [[], [1550.445932506334, 1555.8625967574246, 1560.2759062014536], [], []]]
[155, 168, 30.0, 27.08, [[], [1550.4458523162914, 1555.8650998849912, 1560.2780175187502], [], []], [[], [1550.445772136782, 1555.8619507947299, 1560.276231021697], [], []]]
[155, 171, 30.0, 27.22, [[], [1550.4466541657098, 1555.8652613788495, 1560.2779363138584], [], []], [[], [1550.4464938058616, 1555.8610625834538, 1560.2759062099908], [], []]]
[155, 174, 29.99, 27.17, [[], [1550.4467343506103, 1555.865745856402, 1560.2777739035678], [], []], [[], [1550.4476163873344, 1555.860416617239, 1560.2759061926631], [], []]]
[160, 135, 30.22, 27.17, [[], [1550.4481776815542, 1555.865261377928, 1560.2775302885543], [], []], [[], [1550.4468947228993, 1555.8623545157989, 1560.2776927181171], [], []]]
[160, 138, 30.39, 27.16, [[], [1550.4484984221513, 1555.8661495887013, 1560.2776926985914], [], []], [[], [1550.4457721362842, 1555.8638886927868, 1560.2764746356117], [], []]]
[160, 141, 30.44, 27.19, [[], [1550.447937126521, 1555.865584364555, 1560.2772054682264], [], []], [[], [1550.4483380588194, 1555.8612240797424, 1560.2729016342364], [], []]]
[160, 144, 30.36, 27.17, [[], [1550.4469749054774, 1555.8661495895394, 1560.2780175187502], [], []], [[], [1550.447776760204, 1555.8618700435266, 1560.274525710771], [], []]]
[160, 147, 30.3, 27.22, [[], [1550.4467343506099, 1555.8655843635493, 1560.2774490832398], [], []], [[], [1550.4476965725667, 1555.8613855679018, 1560.2755813752938], [], []]]
[160, 150, 30.26, 27.11, [[], [1550.4465739807263, 1555.8659073491708, 1560.2781799291254], [], []], [[], [1550.4454513969313, 1555.8630004875445, 1560.2767994542487], [], []]]
[160, 153, 30.26, 27.11, [[], [1550.4474560153774, 1555.8652613781792, 1560.2783423393316], [], []], [[], [1550.447856948505, 1555.8610625877282, 1560.2763122353797], [], []]]
[160, 156, 30.23, 27.17, [[], [1550.4470550905435, 1555.8645346606775, 1560.2774490834936], [], []], [[], [1550.4474560192753, 1555.8606588542552, 1560.2772054885972], [], []]]
[160, 159, 30.17, 27.17, [[], [1550.4464937954115, 1555.8650998849075, 1560.2780987238955], [], []], [[], [1550.4477767653461, 1555.8606588635582, 1560.2739572925884], [], []]]
[160, 162, 30.13, 27.17, [[], [1550.448418236753, 1555.8644539140835, 1560.2784235444767], [], []], [[], [1550.4460928757196, 1555.8598513915842, 1560.276231025332], [], []]]
[160, 165, 30.01, 27.13, [[], [1550.4471352753612, 1555.8639694366987, 1560.278261134186], [], []], [[], [1550.4469749141028, 1555.8603358754224, 1560.277530304107], [], []]]
[160, 168, 30.22, 27.13, [[], [1550.4472154605103, 1555.8646961531947, 1560.2780175192572], [], []], [[], [1550.4476965768795, 1555.8596899058555, 1560.276474628427], [], []]]
[160, 171, 30.13, 27.16, [[], [1550.4466541653778, 1555.8640501824548, 1560.2777739036521], [], []], [[], [1550.4467343531812, 1555.8610625849622, 1560.276312224391], [], []]]
[160, 174, 30.1, 27.19, [[], [1550.447135275278, 1555.8644539141671, 1560.2777739034832], [], []], [[], [1550.4482578676157, 1555.8603358682983, 1560.2750129401215], [], []]]
[165, 135, 30.09, 27.14, [[], [1550.4486587922006, 1555.8655843634654, 1560.2771242631657], [], []], [[], [1550.4488993527907, 1555.8622737752391, 1560.2729016345743], [], []]]
[165, 138, 30.03, 27.17, [[], [1550.4483380516867, 1555.8652613777601, 1560.2783423393316], [], []], [[], [1550.4469749126927, 1555.862516016865, 1560.2737136750393], [], []]]
[165, 141, 29.98, 27.22, [[], [1550.4484984224, 1555.865503617123, 1560.278261134186], [], []], [[], [1550.4470550943586, 1555.8620315380554, 1560.2760686074337], [], []]]
[165, 144, 30.06, 27.14, [[], [1550.447776756306, 1555.8655843639683, 1560.278098724149], [], []], [[], [1550.4501021298624, 1555.8601743777085, 1560.2757437873593], [], []]]
[165, 147, 30.28, 27.11, [[], [1550.4481776813884, 1555.8664725754963, 1560.2787483652273], [], []], [[], [1550.447055093778, 1555.8635657117752, 1560.2780175243288], [], []]]
[165, 150, 30.48, 27.2, [[], [1550.4469749053114, 1555.8658266032473, 1560.2789919808324], [], []], [[], [1550.4464136205465, 1555.8613855733495, 1560.2788295891373], [], []]]
[165, 153, 30.63, 27.19, [[], [1550.4475362006092, 1555.8651806314176, 1560.2785047501293], [], []], [[], [1550.449621021207, 1555.8606588555126, 1560.2737136774906], [], []]]
[165, 156, 30.72, 27.08, [[], [1550.44721546051, 1555.8650998849912, 1560.2785859545143], [], []], [[], [1550.448017314905, 1555.8611433354117, 1560.27728667819], [], []]]
[165, 159, 30.68, 27.16, [[], [1550.446894720494, 1555.865745856318, 1560.278667159744], [], []], [[], [1550.4465739862837, 1555.8625967606931, 1560.2779363270442], [], []]]
[165, 162, 30.59, 27.1, [[], [1550.446654165461, 1555.8659073495896, 1560.2788295706262], [], []], [[], [1550.448578609374, 1555.8607396011844, 1560.2772866764992], [], []]]
[165, 165, 30.44, 27.16, [[], [1550.4469749052284, 1555.8653421241866, 1560.2785047502139], [], []], [[], [1550.4473758361996, 1555.8613855711703, 1560.277205476172], [], []]]
[165, 168, 30.38, 27.14, [[], [1550.4472154604275, 1555.86526137776, 1560.278829570119], [], []], [[], [1550.4488191643238, 1555.8583172303527, 1560.2764746302864], [], []]]
[165, 171, 30.31, 27.17, [[], [1550.4468947204941, 1555.8651806312498, 1560.2793168015828], [], []], [[], [1550.4487389827411, 1555.860012891058, 1560.2750941615802], [], []]]
[165, 174, 30.22, 27.16, [[], [1550.4481776813057, 1555.8656651101433, 1560.278910775518], [], []], [[], [1550.4479371293414, 1555.8613855699134, 1560.2780987361518], [], []]]
[170, 135, 30.09, 27.16, [[], [1550.448819162748, 1555.8655843632978, 1560.278667160082], [], []], [[], [1550.4484984247222, 1555.864292423661, 1560.2782611457662], [], []]]
[170, 138, 30.04, 27.19, [[], [1550.4498615708485, 1555.8658266026607, 1560.2799664434217], [], []], [[], [1550.447456019358, 1555.8634849661867, 1560.2772866816554], [], []]]
[170, 141, 30.02, 27.14, [[], [1550.449139903345, 1555.8667148146915, 1560.2790731858088], [], []], [[], [1550.4469749087948, 1555.8645346686394, 1560.2774490984548], [], []]]
[170, 144, 30.02, 27.1, [[], [1550.4488993478972, 1555.8664725749934, 1560.2790731858086], [], []], [[], [1550.4476965737279, 1555.8640501884888, 1560.2782611442449], [], []]]
[170, 147, 30.03, 27.13, [[], [1550.4481776813052, 1555.8663918283994, 1560.2799664434217], [], []], [[], [1550.4469749092923, 1555.8634042191736, 1560.2780175327814], [], []]]
[170, 150, 30.02, 27.13, [[], [1550.4482578666205, 1555.8655843637168, 1560.2789919807478], [], []], [[], [1550.449621017889, 1555.8604973628276, 1560.2773678840958], [], []]]
[170, 153, 30.0, 27.13, [[], [1550.4481776813054, 1555.8653421241866, 1560.279398006559], [], []], [[], [1550.4477767610335, 1555.8613855723438, 1560.278504761794], [], []]]
[170, 156, 29.96, 27.14, [[], [1550.4480974960732, 1555.8653421246056, 1560.2796416223332], [], []], [[], [1550.4501823142655, 1555.8588017036307, 1560.276149809198], [], []]]
[170, 159, 29.97, 27.13, [[], [1550.448498421902, 1555.865019138649, 1560.2801288540504], [], []], [[], [1550.4484182469546, 1555.8610625904935, 1560.2783423494745], [], []]]
[170, 162, 29.98, 27.13, [[], [1550.4482578663715, 1555.8657458566536, 1560.2792355960994], [], []], [[], [1550.4496210191332, 1555.8586402151361, 1560.2767994602502], [], []]]
[170, 165, 30.01, 27.14, [[], [1550.4488993478142, 1555.865745856821, 1560.2802912648483], [], []], [[], [1550.4501021291994, 1555.858559464687, 1560.2745257242952], [], []]]
[170, 168, 30.1, 27.23, [[], [1550.4486587922836, 1555.8656651103106, 1560.2795604170187], [], []], [[], [1550.449701205278, 1555.8607396088112, 1560.2755001720923], [], []]]
[170, 171, 30.23, 27.16, [[], [1550.448498422068, 1555.8646154073551, 1560.2801288542194], [], []], [[], [1550.449300276795, 1555.8592861799257, 1560.2766370402392], [], []]]
[170, 174, 30.35, 27.22, [[], [1550.4488191626651, 1555.8654228706966, 1560.2810221131006], [], []], [[], [1550.4501021307751, 1555.8591246860672, 1560.2755001780092], [], []]]
[175, 135, 30.36, 27.2, [[], [1550.4499417559978, 1555.8674415347077, 1560.2791543908695], [], []], [[], [1550.4497012044485, 1555.8619507922995, 1560.2780175277944], [], []]]
[175, 138, 30.19, 27.16, [[], [1550.4497813856995, 1555.866472575161, 1560.2793980066435], [], []], [[], [1550.4485786126913, 1555.862273775826, 1560.2770430705302], [], []]]
[175, 141, 30.16, 27.11, [[], [1550.4495408298374, 1555.8663918296565, 1560.280128854135], [], []], [[], [1550.4496210175578, 1555.861950796071, 1560.2767994564467], [], []]]
[175, 144, 30.08, 27.11, [[], [1550.4490597183615, 1555.8670378010672, 1560.2804536760686], [], []], [[], [1550.4496210170598, 1555.862193030238, 1560.2766370415068], [], []]]
[175, 147, 30.06, 27.1, [[], [1550.4486587921176, 1555.8670378014026, 1560.2803724703317], [], []], [[], [1550.4490597249137, 1555.8613855761155, 1560.276555837376], [], []]]
[175, 150, 30.11, 27.14, [[], [1550.4485786073833, 1555.866876307544, 1560.2799664434217], [], []], [[], [1550.4480975022107, 1555.8620315459339, 1560.2793168134165], [], []]]
[175, 153, 30.13, 27.11, [[], [1550.4477767558083, 1555.8676030273928, 1560.2803724699936], [], []], [[], [1550.4476163896568, 1555.8623545267778, 1560.2784235527604], [], []]]
[175, 156, 30.05, 27.19, [[], [1550.4469749054774, 1555.8669570545571, 1560.280859702218], [], []], [[], [1550.4499417613893, 1555.8600936392445, 1560.2771242693361], [], []]]
[175, 159, 29.94, 27.14, [[], [1550.4469749053114, 1555.8676030275606, 1560.280453675477], [], []], [[], [1550.4491399069111, 1555.8601743847487, 1560.276961857355], [], []]]
[175, 162, 30.02, 27.1, [[], [1550.4470550904607, 1555.866472575664, 1560.281184524321], [], []], [[], [1550.4500219438842, 1555.8589631958127, 1560.2774490883114], [], []]]
[175, 165, 30.04, 27.17, [[], [1550.4475362004437, 1555.8667955613691, 1560.2801288540502], [], []], [[], [1550.4476163904033, 1555.860981849096, 1560.2801288747596], [], []]]
[175, 168, 30.02, 27.22, [[], [1550.4474560153772, 1555.8674415348753, 1560.2806160862751], [], []], [[], [1550.446092878706, 1555.8616278196685, 1560.2789107845624], [], []]]
[175, 171, 29.97, 27.16, [[], [1550.4473758303939, 1555.8669570547247, 1560.2815905513999], [], []], [[], [1550.448738985229, 1555.8604166258717, 1560.2777739187825], [], []]]
[175, 174, 29.97, 27.11, [[], [1550.4471352755268, 1555.8671992946743, 1560.280372470078], [], []], [[], [1550.4472956542018, 1555.861547072069, 1560.279235610215], [], []]]
[180, 135, 30.1, 27.17, [[], [1550.447696570825, 1555.867683775663, 1560.2797228279856], [], []], [[], [1550.4490597241672, 1555.861870048304, 1560.2759061989177], [], []]]
[180, 138, 30.29, 27.14, [[], [1550.4472154602613, 1555.868733481971, 1560.2806972919275], [], []], [[], [1550.4478569433627, 1555.862031538894, 1560.2803724801367], [], []]]
[180, 141, 30.64, 27.05, [[], [1550.4470550906265, 1555.868571988532, 1560.2804536758997], [], []], [[], [1550.447776758628, 1555.8618700453706, 1560.2813469428106], [], []]]
[180, 144, 31.11, 27.14, [[], [1550.4469749053112, 1555.8671992954285, 1560.2802912650175], [], []], [[], [1550.4467343545912, 1555.8630812374072, 1560.281103330925], [], []]]
[180, 147, 31.57, 27.16, [[], [1550.447135275444, 1555.867280042274, 1560.2809409075326], [], []], [[], [1550.4484182400709, 1555.861304827426, 1560.2789107799977], [], []]]
[180, 150, 31.84, 27.16, [[], [1550.4469749053114, 1555.8674415355458, 1560.281346934696], [], []], [[], [1550.4461730666749, 1555.8621930395407, 1560.2789919923277], [], []]]
[180, 153, 31.87, 27.13, [[], [1550.4472154603443, 1555.8670378015702, 1560.2808597025562], [], []], [[], [1550.4465739872787, 1555.8625160249944, 1560.2799664537338], [], []]]
[180, 156, 31.72, 27.22, [[], [1550.4464937954115, 1555.8676030279794, 1560.280940907617], [], []], [[], [1550.4481776852035, 1555.8606588611276, 1560.2789919893692], [], []]]
[180, 159, 31.22, 27.17, [[], [1550.4467343504443, 1555.8668763082146, 1560.2807784970726], [], []], [[], [1550.4480975016304, 1555.8600936378195, 1560.276961864286], [], []]]
[180, 162, 30.74, 27.19, [[], [1550.445852316291, 1555.8682490019046, 1560.2802912647637], [], []], [[], [1550.4487389833216, 1555.8597706568075, 1560.2761498198483], [], []]]
[180, 165, 30.29, 27.1, [[], [1550.445531577021, 1555.867441535797, 1560.2809409077013], [], []], [[], [1550.4464938048666, 1555.86106259569, 1560.2793168087674], [], []]]
[180, 168, 30.07, 27.14, [[], [1550.4452910221542, 1555.8682490020722, 1560.2810221130162], [], []], [[], [1550.448257869772, 1555.860578117048, 1560.2781799326754], [], []]]
[180, 171, 29.99, 27.19, [[], [1550.4449702831332, 1555.8682490011502, 1560.2806972913356], [], []], [[], [1550.4470550965152, 1555.8609010995688, 1560.2787483709749], [], []]]
[180, 174, 30.01, 27.1, [[], [1550.4444891743942, 1555.8674415347916, 1560.2806972916737], [], []], [[], [1550.4480173171448, 1555.8600128973437, 1560.2754189865573], [], []]]
[185, 135, 30.04, 27.1, [[], [1550.4465739806435, 1555.869783190207, 1560.2798852382762], [], []], [[], [1550.447856942948, 1555.863161988024, 1560.277286676753], [], []]]
[185, 138, 30.0, 27.14, [[], [1550.4464136106767, 1555.8687334813844, 1560.2799664435063], [], []], [[], [1550.4455315801729, 1555.8650998947974, 1560.279154397124], [], []]]
[185, 141, 30.05, 27.19, [[], [1550.4458523160424, 1555.8692987093862, 1560.2805348808758], [], []], [[], [1550.4475362038438, 1555.86356571563, 1560.279154397209], [], []]]
[185, 144, 30.26, 27.17, [[], [1550.4449702828013, 1555.8688142292358, 1560.2801288542194], [], []], [[], [1550.4451306597352, 1555.8630812371562, 1560.2791544060842], [], []]]
[185, 147, 30.55, 27.16, [[], [1550.4451306524363, 1555.8692987093862, 1560.2811845239828], [], []], [[], [1550.4460928776277, 1555.8629197491643, 1560.279560426486], [], []]]
[185, 150, 31.01, 27.14, [[], [1550.4456117615898, 1555.8692179627083, 1560.281590551062], [], []], [[], [1550.4444891843473, 1555.8639694505277, 1560.2792356067498], [], []]]
[185, 153, 31.59, 27.13, [[], [1550.4457721314739, 1555.8688949754944, 1560.2806972915046], [], []], [[], [1550.4471352817477, 1555.8625967634591, 1560.2791543995756], [], []]]
[185, 156, 31.91, 27.14, [[], [1550.444408989577, 1555.8693794565668, 1560.280372470078], [], []], [[], [1550.4451306615597, 1555.8640501990492, 1560.2798852603378], [], []]]
[185, 159, 31.95, 27.17, [[], [1550.4448099134152, 1555.8691372157791, 1560.2811845237293], [], []], [[], [1550.446974911698, 1555.8625967688229, 1560.277773908301], [], []]]
[185, 162, 31.45, 27.14, [[], [1550.4439278814189, 1555.8689757220884, 1560.2812657294662], [], []], [[], [1550.4468947288708, 1555.861870050399, 1560.2793980109543], [], []]]
[185, 165, 30.68, 27.17, [[], [1550.4436071428124, 1555.8686527352097, 1560.281428140095], [], []], [[], [1550.4478569494172, 1555.8617085577982, 1560.2767994534033], [], []]]
[185, 168, 30.14, 27.16, [[], [1550.444408989743, 1555.8691372156115, 1560.2808597023873], [], []], [[], [1550.4460126919805, 1555.8617893050623, 1560.2803724765022], [], []]]
[185, 171, 30.28, 27.14, [[], [1550.4428854811144, 1555.8682490014855, 1560.2814281403485], [], []], [[], [1550.4464136228692, 1555.8625967637943, 1560.2767994748733], [], []]]
[185, 174, 30.7, 27.16, [[], [1550.4434467734266, 1555.868491241435, 1560.281509345663], [], []], [[], [1550.4458523290637, 1555.861870053835, 1560.2776927033249], [], []]]
[190, 135, 31.66, 27.14, [[], [1550.4453712069715, 1555.8698639371364, 1560.2799664433371], [], []], [[], [1550.448017316481, 1555.863969451869, 1560.276231014597], [], []]]
[190, 138, 32.22, 27.08, [[], [1550.4452108375026, 1555.8696216967678, 1560.2804536753924], [], []], [[], [1550.4460928724852, 1555.8657458607602, 1560.2786671665904], [], []]]
[190, 141, 32.2, 27.07, [[], [1550.4449702829672, 1555.868975722256, 1560.2798040330465], [], []], [[], [1550.447295648728, 1555.8640501951102, 1560.277855126379], [], []]]
[190, 144, 31.73, 27.14, [[], [1550.4454513917892, 1555.8694602038313, 1560.2806972913356], [], []], [[], [1550.4456919532086, 1555.864776914456, 1560.2803724894352], [], []]]
[190, 147, 31.05, 27.16, [[], [1550.4452910224031, 1555.8697024433618, 1560.2809409077859], [], []], [[], [1550.4462532486725, 1555.864453929337, 1560.279073198741], [], []]]
[190, 150, 30.44, 27.14, [[], [1550.4452910221542, 1555.8690564687663, 1560.2816717566297], [], []], [[], [1550.4466541686127, 1555.864373178385, 1560.2792356013401], [], []]]
[190, 153, 30.23, 27.14, [[], [1550.4448900982327, 1555.869217962373, 1560.2811845239826], [], []], [[], [1550.4480975023766, 1555.8619508040333, 1560.2771242787182], [], []]]
[190, 156, 30.38, 27.22, [[], [1550.4450504677018, 1555.8696216971869, 1560.2815093457473], [], []], [[], [1550.447696575801, 1555.8639694542992, 1560.2785047636535], [], []]]
[190, 159, 30.69, 27.1, [[], [1550.4446495439463, 1555.8693794564829, 1560.2806972915891], [], []], [[], [1550.4469749172547, 1555.8668763409016, 1560.2819965974136], [], []]]
[190, 162, 31.15, 27.13, [[], [1550.4451306525193, 1555.868652735461, 1560.2819965785634], [], []], [[], [1550.4456117719578, 1555.862435274629, 1560.2808597144744], [], []]]
[190, 165, 31.51, 27.14, [[], [1550.4448099133322, 1555.8694602026578, 1560.2815905514844], [], []], [[], [1550.4473758429176, 1555.8635657253524, 1560.2808597231808], [], []]]
[190, 168, 31.74, 27.19, [[], [1550.444970283216, 1555.870106177924, 1560.2814281405176], [], []], [[], [1550.4476163922277, 1555.86251602533, 1560.281022118003], [], []]]
[190, 171, 31.77, 27.11, [[], [1550.446012685926, 1555.8692987092186, 1560.2816717567143], [], []], [[], [1550.4461730646012, 1555.8629197594732, 1560.2806973025777], [], []]]
[190, 174, 31.71, 27.16, [[], [1550.4451306525193, 1555.869298709135, 1560.281996578479], [], []], [[], [1550.4469749134396, 1555.8611433434573, 1560.2805348866239], [], []]]
[195, 135, 31.46, 27.11, [[], [1550.4468145352616, 1555.8709136473, 1560.2802100594495], [], []], [[], [1550.4467343592357, 1555.8646154242851, 1560.27964162825], [], []]]
[195, 138, 31.39, 27.13, [[], [1550.446413610594, 1555.8699446849037, 1560.2814281400952], [], []], [[], [1550.4489795402621, 1555.862193038032, 1560.2809409259594], [], []]]
[195, 141, 31.45, 27.11, [[], [1550.4456919464076, 1555.870671406764, 1560.2815093457475], [], []], [[], [1550.4476965742256, 1555.864050199133, 1560.280616095573], [], []]]
[195, 144, 31.64, 27.17, [[], [1550.4459325009427, 1555.870671406596, 1560.2817529621977], [], []], [[], [1550.4485786109497, 1555.8638079576751, 1560.2783423470235], [], []]]
[195, 147, 31.8, 27.16, [[], [1550.445451391955, 1555.8705906599184, 1560.2814281403487], [], []], [[], [1550.4471352819962, 1555.8645346762664, 1560.2796416303634], [], []]]
[195, 150, 31.92, 27.17, [[], [1550.4447297288468, 1555.870509912486, 1560.2818341675966], [], []], [[], [1550.4469749139369, 1555.8648576641506, 1560.2815093566514], [], []]]
[195, 153, 31.94, 27.14, [[], [1550.4452108374196, 1555.8699446844846, 1560.2821589894459], [], []], [[], [1550.4460126939714, 1555.8646154280568, 1560.2822402074396], [], []]]
[195, 156, 31.93, 27.13, [[], [1550.445130652602, 1555.870025431414, 1560.2819153730802], [], []], [[], [1550.446974913937, 1555.8635657245982, 1560.2811033211199], [], []]]
[195, 159, 31.93, 27.16, [[], [1550.4460928709923, 1555.8705906593316, 1560.2819153730802], [], []], [[], [1550.4482578710163, 1555.8626775133216, 1560.2769618592988], [], []]]
[195, 162, 31.94, 27.1, [[], [1550.4449702830502, 1555.8693794563155, 1560.282158989784], [], []], [[], [1550.4464136170632, 1555.863242731685, 1560.282240205918], [], []]]
[195, 165, 31.95, 27.1, [[], [1550.4439278813356, 1555.8694602029932, 1560.2824838122249], [], []], [[], [1550.4470550958517, 1555.8625160213069, 1560.280372475319], [], []]]
[195, 168, 31.97, 27.1, [[], [1550.4437675121985, 1555.8701061777563, 1560.282565017455], [], []], [[], [1550.4462532490043, 1555.8634042241183, 1560.2812657413847], [], []]]
[195, 171, 31.87, 27.13, [[], [1550.4434467734263, 1555.8698639370527, 1560.2821589896996], [], []], [[], [1550.4453712145191, 1555.8632427309308, 1560.2817529681993], [], []]]
[195, 174, 31.74, 27.08, [[], [1550.443366588775, 1555.8699446838978, 1560.2817529621975], [], []], [[], [1550.445210846958, 1555.8640501923444, 1560.281671761955], [], []]]
[200, 135, 31.39, 27.1, [[], [1550.4452910220712, 1555.8696216973544, 1560.2803724699936], [], []], [[], [1550.4467343569136, 1555.8643731802285, 1560.2767182661778], [], []]]
[200, 138, 30.93, 27.2, [[], [1550.444168435373, 1555.8699446841495, 1560.2805348811296], [], []], [[], [1550.4468145399064, 1555.8652613901643, 1560.2805348850177], [], []]]
[200, 141, 30.4, 27.14, [[], [1550.4441684354565, 1555.8698639371364, 1560.2812657294662], [], []], [[], [1550.4456919519644, 1555.866553325275, 1560.2801288586147], [], []]]
[200, 144, 30.21, 27.16, [[], [1550.4429656656, 1555.8691372161143, 1560.2812657293816], [], []], [[], [1550.4443288165367, 1555.8645346659573, 1560.2806973020706], [], []]]
[200, 147, 29.96, 27.13, [[], [1550.4435269583269, 1555.8681682554782, 1560.2814281401795], [], []], [[], [1550.4447297391312, 1555.8658266093657, 1560.2767994568692], [], []]]
[200, 150, 29.92, 27.16, [[], [1550.4427251118943, 1555.8678452675936, 1560.281022113185], [], []], [[], [1550.4432864109242, 1555.865907357636, 1560.281915386013], [], []]]
[200, 153, 30.02, 27.19, [[], [1550.4426449275745, 1555.8686527351258, 1560.281671757306], [], []], [[], [1550.4468145422288, 1555.8655843692486, 1560.2789107789836], [], []]]
[200, 156, 30.1, 27.17, [[], [1550.4426449274085, 1555.8677645210835, 1560.2815905514844], [], []], [[], [1550.4465739896839, 1555.862193041049, 1560.2789919927504], [], []]]
[200, 159, 30.15, 27.08, [[], [1550.442083635677, 1555.867764521754, 1560.2812657293819], [], []], [[], [1550.4455315873888, 1555.8680875355367, 1560.2823214157124], [], []]]
[200, 162, 30.24, 27.17, [[], [1550.4428854810317, 1555.867764521335, 1560.2812657292127], [], []], [[], [1550.4455315860619, 1555.865826614059, 1560.2773679077632], [], []]]
[200, 165, 30.2, 27.13, [[], [1550.442083635677, 1555.8686527348743, 1560.2815093458319], [], []], [[], [1550.4450504757472, 1555.865503621146, 1560.281428150661], [], []]]
[200, 168, 30.11, 27.16, [[], [1550.4421638203285, 1555.868894975159, 1560.2812657297197], [], []], [[], [1550.4430458599552, 1555.8637272058008, 1560.2803724828416], [], []]]
[200, 171, 29.98, 27.13, [[], [1550.4424845582712, 1555.868087508046, 1560.2813469350342], [], []], [[], [1550.446092876881, 1555.8648576523333, 1560.2795604255557], [], []]]
[200, 174, 29.91, 27.11, [[], [1550.4428052965457, 1555.8676030278118, 1560.2815905510618], [], []], [[], [1550.4453712197442, 1555.862193030405, 1560.281428146181], [], []]]
[205, 135, 29.87, 27.19, [[], [1550.443366588775, 1555.8680067612845, 1560.2799664433371], [], []], [[], [1550.4452108435573, 1555.8659073514339, 1560.2812657415539], [], []]]
[205, 138, 29.93, 27.11, [[], [1550.442564742923, 1555.8675222817208, 1560.2815093455783], [], []], [[], [1550.4447297369748, 1555.865422878072, 1560.2786671818053], [], []]]
[205, 141, 29.94, 27.17, [[], [1550.4426449273255, 1555.8663110825596, 1560.2817529620288], [], []], [[], [1550.4433665917604, 1555.8671992962668, 1560.2816717610253], [], []]]
[205, 144, 29.89, 27.17, [[], [1550.442324189134, 1555.8671185476612, 1560.2810221134384], [], []], [[], [1550.4448099169817, 1555.8673607880298, 1560.279804038118], [], []]]
[205, 147, 29.91, 27.2, [[], [1550.4421638202455, 1555.8676030285662, 1560.2816717566297], [], []], [[], [1550.4428854883295, 1555.866149597753, 1560.2812657412155], [], []]]
[205, 150, 29.92, 27.19, [[], [1550.4418430824685, 1555.86598809786, 1560.281834167512], [], []], [[], [1550.4433665992249, 1555.8665533326507, 1560.2789107825336], [], []]]
[205, 153, 29.95, 27.19, [[], [1550.442003451274, 1555.866795561537, 1560.2816717566297], [], []], [[], [1550.4452108438888, 1555.8700254430637, 1560.281103324501], [], []]]
[205, 156, 30.05, 27.2, [[], [1550.442003451191, 1555.866795561537, 1560.2807784974107], [], []], [[], [1550.4445693681694, 1555.867522284235, 1560.2789107963113], [], []]]
[205, 159, 30.12, 27.1, [[], [1550.4414421599572, 1555.8664725749095, 1560.281428140264], [], []], [[], [1550.444729732828, 1555.8690564716994, 1560.2786671628714], [], []]]
[205, 162, 30.25, 27.16, [[], [1550.4410412379434, 1555.866311082811, 1560.2821589898683], [], []], [[], [1550.441923273506, 1555.8643731771276, 1560.2819965956382], [], []]]
[205, 165, 30.36, 27.11, [[], [1550.4413619757202, 1555.8655036175421, 1560.2818341675966], [], []], [[], [1550.4431260392987, 1555.866634070528, 1560.2811845316749], [], []]]
[205, 168, 30.4, 27.11, [[], [1550.4404799474557, 1555.8650191393194, 1560.281590551062], [], []], [[], [1550.4428854936382, 1555.8649384036207, 1560.2812657378345], [], []]]
[205, 171, 30.29, 27.19, [[], [1550.4404799474557, 1555.8650191387326, 1560.2811845238982], [], []], [[], [1550.4410412416753, 1555.8652613827048, 1560.2802912752452], [], []]]
[205, 174, 30.15, 27.17, [[], [1550.4408808691378, 1555.8648576466342, 1560.2816717566297], [], []], [[], [1550.4432062307515, 1555.8632427285, 1560.2798852423336], [], []]]
[210, 135, 29.95, 27.14, [[], [1550.4416827133314, 1555.8643731688305, 1560.280210059703], [], []], [[], [1550.4425647474013, 1555.864453916933, 1560.27639343875], [], []]]
[210, 138, 29.98, 27.2, [[], [1550.4412016069148, 1555.8652613781792, 1560.2815093458319], [], []], [[], [1550.443446775832, 1555.8676030284823, 1560.2776115155075], [], []]]
[210, 141, 29.96, 27.14, [[], [1550.4412817911516, 1555.8645346622695, 1560.2811033188373], [], []], [[], [1550.441201609237, 1555.863162008977, 1560.2809409159852], [], []]]
[210, 144, 30.02, 27.13, [[], [1550.4408808692208, 1555.8641309309762, 1560.2817529623667], [], []], [[], [1550.442163830115, 1555.8645346703993, 1560.2817529715805], [], []]]
[210, 147, 30.03, 27.1, [[], [1550.4409610536236, 1555.8636464523343, 1560.281509345663], [], []], [[], [1550.4410412414268, 1555.865907360234, 1560.2821590056753], [], []]]
[210, 150, 29.99, 27.11, [[], [1550.4407205004152, 1555.864130928713, 1560.2816717566297], [], []], [[], [1550.443126046266, 1555.8689757512552, 1560.2791544196084], [], []]]
[210, 153, 29.91, 27.13, [[], [1550.4405601317756, 1555.8649383923898, 1560.282077784047], [], []], [[], [1550.4418430884402, 1555.8630812921351, 1560.2782611553178], [], []]]
[210, 156, 30.0, 27.16, [[], [1550.4399988416196, 1555.8640501829573, 1560.2818341674276], [], []], [[], [1550.4420034604802, 1555.8634042584806, 1560.2788295921805], [], []]]
[210, 159, 30.24, 27.13, [[], [1550.4405601317756, 1555.8636464519152, 1560.2810221132693], [], []], [[], [1550.4405601343467, 1555.8647769602162, 1560.2818341748662], [], []]]
[210, 162, 30.8, 27.16, [[], [1550.4402393944963, 1555.863000482935, 1560.2811845239826], [], []], [[], [1550.4412817932248, 1555.8664725860565, 1560.281265739694], [], []]]
[210, 165, 31.5, 27.13, [[], [1550.4403195789819, 1555.8633234672157, 1560.281996578648], [], []], [[], [1550.4488192006515, 1555.8535532797857, 1560.276231035982], [], []]]
[210, 168, 31.96, 27.13, [[], [1550.4397582889092, 1555.8666340691868, 1560.2813469347807], [], []], [[], [1550.4421638305298, 1555.8663110892646, 1560.2828086402449], [], []]]
[210, 171, 32.09, 27.14, [[], [1550.4402393945793, 1555.8682490014855, 1560.2819965785634], [], []], [[], [1550.4420034614755, 1555.8649383970837, 1560.2776927157502], [], []]]
[210, 174, 31.51, 27.17, [[], [1550.439918657383, 1555.8670378022407, 1560.2820777840468], [], []], [[], [1550.4413619850923, 1555.8653421300533, 1560.281265745949], [], []]]
[215, 135, 30.37, 27.11, [[], [1550.4413619755544, 1555.8676837754115, 1560.2805348809604], [], []], [[], [1550.441522345604, 1555.8671992970212, 1560.2785047573984], [], []]]
[215, 138, 30.08, 27.19, [[], [1550.4413619755544, 1555.8670378014026, 1560.2811845238136], [], []], [[], [1550.4420836418972, 1555.8664725806088, 1560.2792356141877], [], []]]
[215, 141, 30.37, 27.13, [[], [1550.4409610536236, 1555.8671185489186, 1560.2813469350342], [], []], [[], [1550.4411214321328, 1555.8661495957413, 1560.28102212037], [], []]]
[215, 144, 31.11, 27.1, [[], [1550.4406403160954, 1555.8668763088851, 1560.2811845239828], [], []], [[], [1550.4404799479532, 1555.8677645235143, 1560.279885245292], [], []]]
[215, 147, 31.84, 27.14, [[], [1550.4402393944963, 1555.866634069187, 1560.281509345832], [], []], [[], [1550.4400790275984, 1555.8676030333431, 1560.2822402056645], [], []]]
[215, 150, 32.23, 27.16, [[], [1550.4400790259397, 1555.866149590545, 1560.2813469347807], [], []], [[], [1550.4411214283175, 1555.865826614562, 1560.280372477432], [], []]]
[215, 153, 32.12, 27.14, [[], [1550.4401592101765, 1555.867118548667, 1560.2811033184148], [], []], [[], [1550.4432062249457, 1555.8671185534445, 1560.2785047696548], [], []]]
[215, 156, 31.33, 27.14, [[], [1550.4403195788161, 1555.8664725757476, 1560.2819965788171], [], []], [[], [1550.4418430891037, 1555.8642117340582, 1560.279073206771], [], []]]
[215, 159, 30.52, 27.13, [[], [1550.4401592102593, 1555.866391829405, 1560.282077784047], [], []], [[], [1550.4418430896842, 1555.866230338564, 1560.279316826349], [], []]]
[215, 162, 30.08, 27.14, [[], [1550.4407205005812, 1555.8673607874432, 1560.281346934865], [], []], [[], [1550.4393573696323, 1555.8673607918013, 1560.281996592595], [], []]]
[215, 165, 30.03, 27.13, [[], [1550.4399988417028, 1555.8672800411846, 1560.281752962367], [], []], [[], [1550.4415223488384, 1555.868249006598, 1560.2829710542546], [], []]]
[215, 168, 30.14, 27.19, [[], [1550.4404799474557, 1555.8674415348753, 1560.2811845240674], [], []], [[], [1550.4416025344026, 1555.8690564723702, 1560.2810221152981], [], []]]
[215, 171, 30.39, 27.22, [[], [1550.4395979203523, 1555.8661495889528, 1560.2815093455783], [], []], [[], [1550.4391970014901, 1555.867118555372, 1560.281509354792], [], []]]
[215, 174, 30.67, 27.14, [[], [1550.4395177361155, 1555.865503617542, 1560.2825650172856], [], []], [[], [1550.4396781065798, 1555.866311082392, 1560.2802912891918], [], []]]
[220, 135, 31.24, 27.2, [[], [1550.4409610535406, 1555.8667148155296, 1560.2806972916737], [], []], [[], [1550.441762912414, 1555.865826614981, 1560.2805348950767], [], []]]
[220, 138, 31.61, 27.13, [[], [1550.4409610536236, 1555.8665533223416, 1560.280778496819], [], []], [[], [1550.4406403211547, 1555.8671185521034, 1560.2800476593866], [], []]]
[220, 141, 31.89, 27.08, [[], [1550.440800684901, 1555.8669570551438, 1560.2809409077859], [], []], [[], [1550.4424043853141, 1555.8659881012964, 1560.2771242716185], [], []]]
[220, 144, 32.06, 27.17, [[], [1550.440800684818, 1555.866714815865, 1560.2807784969882], [], []], [[], [1550.439597920767, 1555.8657458621012, 1560.2802912792179], [], []]]
[220, 147, 32.08, 27.13, [[], [1550.4408808691378, 1555.8667955632131, 1560.2808597023027], [], []], [[], [1550.4403997648776, 1555.8652613936845, 1560.2810221153827], [], []]]
[220, 150, 32.08, 27.11, [[], [1550.4406403160954, 1555.8667148161162, 1560.281103318584], [], []], [[], [1550.4399186576316, 1555.8657458591679, 1560.2806160964183], [], []]]
[220, 153, 32.03, 27.11, [[], [1550.4412016067488, 1555.8655036181285, 1560.2818341675966], [], []], [[], [1550.439678108653, 1555.8640501879024, 1560.2811033342214], [], []]]
[220, 156, 31.92, 27.19, [[], [1550.4402393944963, 1555.8655843635493, 1560.2819965789017], [], []], [[], [1550.4404799498611, 1555.8659880971059, 1560.2780987332778], [], []]]
[220, 159, 31.62, 27.14, [[], [1550.4400790258567, 1555.865907349506, 1560.2811845238139], [], []], [[], [1550.4403997663705, 1555.8655843741933, 1560.2789919931733], [], []]]
[220, 162, 31.06, 27.19, [[], [1550.4397582889092, 1555.864938393228, 1560.281996578479], [], []], [[], [1550.4408006898773, 1555.8661496075588, 1560.2780987349684], [], []]]
[220, 165, 30.43, 27.19, [[], [1550.439838473063, 1555.8654228714508, 1560.2811845238982], [], []], [[], [1550.440239396321, 1555.867280043112, 1560.2802912687366], [], []]]
[220, 168, 30.19, 27.13, [[], [1550.4395979203523, 1555.86461540702, 1560.2817529621132], [], []], [[], [1550.4403997678635, 1555.8664725790163, 1560.2790732118426], [], []]]
[220, 171, 30.1, 27.14, [[], [1550.4396781045893, 1555.8637271972518, 1560.2817529621134], [], []], [[], [1550.440239398809, 1555.8661495997644, 1560.2811845355632], [], []]]
[220, 174, 30.03, 27.07, [[], [1550.439277183405, 1555.8646961531947, 1560.2815905513153], [], []], [[], [1550.4398384764636, 1555.8667148156132, 1560.2778551252802], [], []]]
[225, 135, 30.09, 27.19, [[], [1550.4406403161784, 1555.8636464517472, 1560.279641622164], [], []], [[], [1550.4411214260783, 1555.8657458774385, 1560.2770430736578], [], []]]
[225, 138, 30.12, 27.14, [[], [1550.4401592101765, 1555.8638886902722, 1560.2808597023027], [], []], [[], [1550.4396781075752, 1555.8647769067452, 1560.281346948305], [], []]]
[225, 141, 30.19, 27.14, [[], [1550.4405601318585, 1555.8650191393194, 1560.2811845242363], [], []], [[], [1550.4392771840687, 1555.8613048242414, 1560.2802100664649], [], []]]
[225, 144, 30.22, 27.11, [[], [1550.4396781045893, 1555.8640501841307, 1560.2808597023873], [], []], [[], [1550.4383951587895, 1555.8630004893048, 1560.2812657374118], [], []]]
[225, 147, 30.27, 27.11, [[], [1550.4397582889092, 1555.8634849595653, 1560.2811845239828], [], []], [[], [1550.4374329502689, 1555.861950784924, 1560.2824026222104], [], []]]
[225, 150, 30.38, 27.14, [[], [1550.4397582888264, 1555.864050182538, 1560.2812657292973], [], []], [[], [1550.4386357112512, 1555.8642116773185, 1560.2806160950656], [], []]]
[225, 153, 30.64, 27.13, [[], [1550.4394375518787, 1555.8632427212922, 1560.2817529621132], [], []], [[], [1550.4391168165068, 1555.8635657126968, 1560.2818341821355], [], []]]
[225, 156, 31.06, 27.11, [[], [1550.4395177361157, 1555.8637271980901, 1560.2821589896148], [], []], [[], [1550.4373527685202, 1555.8640501960322, 1560.281590558754], [], []]]
[225, 159, 31.42, 27.14, [[], [1550.4395979203523, 1555.8618700359837, 1560.281509345663], [], []], [[], [1550.4390366365828, 1555.8652613828726, 1560.2782611566702], [], []]]
[225, 162, 31.68, 27.14, [[], [1550.4399186574658, 1555.8621930206832, 1560.281671756799], [], []], [[], [1550.4394375596744, 1555.864130935418, 1560.279641640506], [], []]]
[225, 165, 31.88, 27.16, [[], [1550.4394375518787, 1555.8617892898087, 1560.2816717566297], [], []], [[], [1550.4378338731121, 1555.8627582460026, 1560.2800476547377], [], []]]
[225, 168, 31.94, 27.14, [[], [1550.439277183405, 1555.8610625761623, 1560.2813469351188], [], []], [[], [1550.438796087687, 1555.8624352665831, 1560.2822402063407], [], []]]
[225, 171, 31.96, 27.1, [[], [1550.4393573677248, 1555.8593669137806, 1560.2808597024716], [], []], [[], [1550.4377536863042, 1555.8628390029055, 1560.2822402050729], [], []]]
[225, 174, 31.94, 27.11, [[], [1550.4391168150141, 1555.8588824372341, 1560.2818341675966], [], []], [[], [1550.43783387079, 1555.8631619881917, 1560.2819965893832], [], []]]
[230, 135, 31.95, 27.11, [[], [1550.4399988415369, 1555.8581557285322, 1560.2811033184994], [], []], [[], [1550.4385555262681, 1555.8567023123858, 1560.281022128231], [], []]]
[230, 138, 31.82, 27.14, [[], [1550.4399186573, 1555.8559755956383, 1560.2811033185837], [], []], [[], [1550.4385555261854, 1555.8536339904256, 1560.2808597137137], [], []]]
[230, 141, 31.68, 27.11, [[], [1550.4399988416196, 1555.8580749805974, 1560.2807784967347], [], []], [[], [1550.4391168180825, 1555.855329661691, 1560.278748368862], [], []]]
[230, 144, 31.56, 27.14, [[], [1550.4399186573, 1555.8556526147943, 1560.2812657296354], [], []], [[], [1550.437593318494, 1555.8537954906533, 1560.280778504511], [], []]]
[230, 147, 31.6, 27.14, [[], [1550.4394375518787, 1555.8565408137504, 1560.2811845250812], [], []], [[], [1550.437673502482, 1555.8558948614484, 1560.2780987401247], [], []]]
[230, 150, 31.72, 27.17, [[], [1550.4394375518787, 1555.8556526132857, 1560.280372470416], [], []], [[], [1550.4367914787792, 1555.8543606921712, 1560.2807785078921], [], []]]
[230, 153, 31.84, 27.13, [[], [1550.4396781045893, 1555.855168141013, 1560.280940907955], [], []], [[], [1550.437192399549, 1555.8542799456611, 1560.278991984636], [], []]]
[230, 156, 31.72, 27.11, [[], [1550.4395979203523, 1555.8532302549415, 1560.2810221132695], [], []], [[], [1550.4366311114666, 1555.8533917501409, 1560.2798040383716], [], []]]
[230, 159, 31.51, 27.11, [[], [1550.439277183405, 1555.8520190791637, 1560.281022113185], [], []], [[], [1550.4370320309094, 1555.8512923793462, 1560.2797228401573], [], []]]
[230, 162, 31.28, 27.05, [[], [1550.4393573676418, 1555.8500812000482, 1560.280859702218], [], []], [[], [1550.4380744252426, 1555.8516961062815, 1560.279722835424], [], []]]
[230, 165, 30.96, 27.14, [[], [1550.4393573676418, 1555.8510501383907, 1560.280859702218], [], []], [[], [1550.437432950933, 1555.8520190976856, 1560.2788295843195], [], []]]
[230, 168, 30.48, 27.11, [[], [1550.4399988416199, 1555.8501619442955, 1560.2803724701625], [], []], [[], [1550.4377536857237, 1555.849838979794, 1560.2804536811404], [], []]]
[230, 171, 30.16, 27.13, [[], [1550.4402393944963, 1555.8499197097935, 1560.2806160861903], [], []], [[], [1550.4373527667788, 1555.8498389730053, 1560.2808597062754], [], []]]
[230, 174, 29.92, 27.07, [[], [1550.4393573676418, 1555.849031517961, 1560.2795604171877], [], []], [[], [1550.4383149749672, 1555.8507271658439, 1560.2767182596692], [], []]]
[235, 135, 29.77, 27.17, [[], [1550.4412016067488, 1555.8470129018895, 1560.2795604170187], [], []], [[], [1550.439678105004, 1555.845478762616, 1560.2781799407899], [], []]]
[235, 138, 29.84, 27.17, [[], [1550.4412817911516, 1555.8470936465558, 1560.279235596184], [], []], [[], [1550.4384753428606, 1555.8429756886037, 1560.280372478869], [], []]]
[235, 141, 29.85, 27.14, [[], [1550.441121422429, 1555.8463669457321, 1560.2793168012447], [], []], [[], [1550.4394375577672, 1555.8432179262065, 1560.2739572854039], [], []]]
[235, 144, 29.8, 27.1, [[], [1550.4403195788161, 1555.8458824786562, 1560.2793168015828], [], []], [[], [1550.4379140561878, 1555.8417645266545, 1560.2790731925706], [], []]]
[235, 147, 29.86, 27.08, [[], [1550.4406403160954, 1555.846124712236, 1560.2789107759406], [], []], [[], [1550.438555527429, 1555.8449942993952, 1560.279316809359], [], []]]
[235, 150, 29.92, 27.07, [[], [1550.4403195788161, 1555.8465284351485, 1560.278910775349], [], []], [[], [1550.4378338712877, 1555.843783136105, 1560.2790731913026], [], []]]
[235, 153, 29.91, 27.08, [[], [1550.4404799474557, 1555.8469321569717, 1560.278910775349], [], []], [[], [1550.4376735026478, 1555.8433794116002, 1560.2792356035375], [], []]]
[235, 156, 30.05, 27.1, [[], [1550.4402393944963, 1555.845801734409, 1560.2788295702035], [], []], [[], [1550.4371924031154, 1555.8445098339116, 1560.2779363158868], [], []]]
[235, 159, 30.1, 27.1, [[], [1550.440399763136, 1555.845720989994, 1560.279479211958], [], []], [[], [1550.4375131355841, 1555.8407956126157, 1560.2787483704678], [], []]]
[235, 162, 29.95, 27.1, [[], [1550.4400790259394, 1555.846447690231, 1560.2791543909539], [], []], [[], [1550.436230216324, 1555.8432179369338, 1560.2757437869368], [], []]]
[235, 165, 29.91, 27.13, [[], [1550.4404799474557, 1555.8470936468912, 1560.2787483650582], [], []], [[], [1550.4348670890247, 1555.8430564342757, 1560.2783423487986], [], []]]
[235, 168, 30.01, 27.1, [[], [1550.4402393944963, 1555.8462054569025, 1560.2798040332157], [], []], [[], [1550.4397583088144, 1555.8458824930717, 1560.279316804203], [], []]]
[235, 171, 30.1, 27.1, [[], [1550.4406403161784, 1555.845559501667, 1560.278910775349], [], []], [[], [1550.438074424579, 1555.8478203775508, 1560.2786671692108], [], []]]
[235, 174, 30.3, 27.19, [[], [1550.4401592102593, 1555.8467706682259, 1560.279885238107], [], []], [[], [1550.4383951596187, 1555.8479011083887, 1560.2776927140596], [], []]]
[240, 135, 30.59, 27.1, [[], [1550.4413619755544, 1555.8457209906642, 1560.2784235443924], [], []], [[], [1550.4388762646254, 1555.8437831299032, 1560.2773678837577], [], []]]
[240, 138, 30.87, 27.1, [[], [1550.4415223444428, 1555.8455595014157, 1560.2781799294632], [], []], [[], [1550.439277187054, 1555.8423297410786, 1560.2769618592145], [], []]]
[240, 141, 31.25, 27.16, [[], [1550.4407205004982, 1555.8457209903293, 1560.278829570288], [], []], [[], [1550.4391970013241, 1555.8459632291056, 1560.277449085691], [], []]]
[240, 144, 31.63, 27.11, [[], [1550.4406403160954, 1555.8458017354983, 1560.278017519257], [], []], [[], [1550.4383951622726, 1555.8419260521919, 1560.2758249955477], [], []]]
[240, 147, 31.85, 27.05, [[], [1550.4415223443598, 1555.8456402464174, 1560.2781799289564], [], []], [[], [1550.438314976543, 1555.8425719822012, 1560.2765558315436], [], []]]
[240, 150, 31.99, 27.11, [[], [1550.4406403160954, 1555.845478757252, 1560.2791543909539], [], []], [[], [1550.435909466273, 1555.8428142115072, 1560.278261138666], [], []]]
[240, 153, 31.96, 27.14, [[], [1550.4410412381092, 1555.8458824801648, 1560.2789919810016], [], []], [[], [1550.4387960822132, 1555.8429756982418, 1560.2758249914905], [], []]]
[240, 156, 31.92, 27.11, [[], [1550.4410412379434, 1555.8452365245107, 1560.2786671599974], [], []], [[], [1550.4386357146518, 1555.8416837851728, 1560.2750941576924], [], []]]
[240, 159, 31.87, 27.11, [[], [1550.441121422346, 1555.8443483367846, 1560.2787483656498], [], []], [[], [1550.437593321231, 1555.8416030435237, 1560.2790731907958], [], []]]
[240, 162, 31.83, 27.1, [[], [1550.4412817911516, 1555.8442675929564, 1560.279479211958], [], []], [[], [1550.4353481987587, 1555.8422490124194, 1560.2760686022775], [], []]]
[240, 165, 31.78, 27.13, [[], [1550.441762897817, 1555.8434601505674, 1560.2780987238955], [], []], [[], [1550.4378338777567, 1555.8424104776157, 1560.2788295735], [], []]]
[240, 168, 31.79, 27.08, [[], [1550.4415223443598, 1555.8421682449575, 1560.2789919807478], [], []], [[], [1550.4365509328693, 1555.8428949478764, 1560.2787483749478], [], []]]
[240, 171, 31.82, 27.14, [[], [1550.441762897817, 1555.84192601297, 1560.278910775349], [], []], [[], [1550.4377536905345, 1555.8417645259, 1560.2778551196168], [], []]]
[240, 174, 31.81, 27.16, [[], [1550.4419232669543, 1555.8411993171749, 1560.2792355966062], [], []], [[], [1550.4349472721005, 1555.8440253670033, 1560.2789107817728], [], []]]
[245, 135, 31.8, 27.11, [[], [1550.442324189134, 1555.841037829267, 1560.277205468311], [], []], [[], [1550.4370320411108, 1555.8445098522654, 1560.2763934209993], [], []]]
[245, 138, 31.76, 27.11, [[], [1550.4422440046483, 1555.8405533662976, 1560.2779363137738], [], []], [[], [1550.4393573739449, 1555.8441061134292, 1560.2737136845062], [], []]]
[245, 141, 31.73, 27.05, [[], [1550.4423241893828, 1555.840714853954, 1560.2773678786864], [], []], [[], [1550.437753697833, 1555.847739639086, 1560.276068605067], [], []]]
[245, 144, 31.72, 27.07, [[], [1550.4418430822197, 1555.840714854038, 1560.2771242632502], [], []], [[], [1550.4375131457853, 1555.8474974146418, 1560.2746069226782], [], []]]
[245, 147, 31.66, 27.1, [[], [1550.4419232667055, 1555.8398266719273, 1560.2775302888078], [], []], [[], [1550.4355085567827, 1555.845236544289, 1560.275662576551], [], []]]
[245, 150, 31.6, 27.17, [[], [1550.44256474284, 1555.8396651844382, 1560.2777739036524], [], []], [[], [1550.4335039647938, 1555.8430564468467, 1560.2764746482062], [], []]]
[245, 153, 31.45, 27.16, [[], [1550.4413619755544, 1555.8399074158392, 1560.2774490835782], [], []], [[], [1550.4371924158045, 1555.8441868611965, 1560.2742009104759], [], []]]
[245, 156, 31.4, 27.11, [[], [1550.4419232667883, 1555.839907415504, 1560.2768806489128], [], []], [[], [1550.4358292883394, 1555.8442676069524, 1560.2747693232484], [], []]]
[245, 159, 31.36, 27.07, [[], [1550.4416025288456, 1555.8402303909845, 1560.2769618536356], [], []], [[], [1550.4333436305728, 1555.8456402808629, 1560.2729016384626], [], []]]
[245, 162, 31.46, 27.17, [[], [1550.4413619758031, 1555.840472622553, 1560.2771242632502], [], []], [[], [1550.4307777458575, 1555.8497582470284, 1560.2767182489347], [], []]]
[245, 165, 31.59, 27.03, [[], [1550.440800684818, 1555.8410378307758, 1560.2774490834088], [], []], [[], [1550.4317399619254, 1555.84636698001, 1560.2766370360127], [], []]]
[245, 168, 31.62, 27.1, [[], [1550.4404799475387, 1555.8411993173424, 1560.2771242638416], [], []], [[], [1550.4333436051948, 1555.848062610879, 1560.2759873985692], [], []]]
[245, 171, 31.61, 27.14, [[], [1550.4405601320245, 1555.842006757385, 1560.276799443683], [], []], [[], [1550.433744527706, 1555.8478203721033, 1560.272739226904], [], []]]
[245, 174, 31.62, 27.19, [[], [1550.439758288992, 1555.8430564296661, 1560.277043058612], [], []], [[], [1550.430136285398, 1555.85000047801, 1560.2769618651314], [], []]]
[250, 135, 31.5, 27.11, [[], [1550.4412817911516, 1555.8433794070745, 1560.275581369715], [], []], [[], [1550.4319003036105, 1555.8506464337484, 1560.2745257139827], [], []]]
[250, 138, 31.26, 27.17, [[], [1550.4413619758861, 1555.8441061041267, 1560.2753377554623], [], []], [[], [1550.434305808241, 1555.848627815582, 1560.2715211464272], [], []]]
[250, 141, 31.03, 27.17, [[], [1550.4406403163443, 1555.8448328026875, 1560.2754189602695], [], []], [[], [1550.432381404968, 1555.847981867973, 1560.2726580044307], [], []]]
[250, 144, 30.6, 27.13, [[], [1550.440399763219, 1555.8431371740812, 1560.274688117258], [], []], [[], [1550.4303768137256, 1555.8502426988512, 1560.2750129440096], [], []]]
[250, 147, 30.24, 27.16, [[], [1550.4401592105082, 1555.8446713150308, 1560.2748505267034], [], []], [[], [1550.4308579279382, 1555.8482241014688, 1560.2719271751125], [], []]]
[250, 150, 30.09, 27.08, [[], [1550.4394375518787, 1555.8469321578937, 1560.2748505266188], [], []], [[], [1550.4310182831423, 1555.8508886617133, 1560.273713662445], [], []]]
[250, 153, 30.03, 27.08, [[], [1550.439036631026, 1555.8479818377177, 1560.2748505265342], [], []], [[], [1550.4298155755707, 1555.8480626081976, 1560.2729016161477], [], []]]
[250, 156, 29.91, 27.08, [[], [1550.4393573679736, 1555.847981836293, 1560.275094140956], [], []], [[], [1550.4312588392531, 1555.8483855784816, 1560.273794870126], [], []]]
[250, 159, 29.92, 27.07, [[], [1550.43887626305, 1555.8496774762136, 1560.2750129361489], [], []], [[], [1550.430938098988, 1555.8504041805572, 1560.2733888488794], [], []]]
[250, 162, 29.82, 27.05, [[], [1550.439036631192, 1555.8509693932215, 1560.2746881168355], [], []], [[], [1550.4295749756698, 1555.852826529766, 1560.2745257153354], [], []]]
[250, 165, 29.82, 27.14, [[], [1550.4386357101735, 1555.8520190784934, 1560.275094140956], [], []], [[], [1550.4301362723775, 1555.846609218786, 1560.2712775340344], [], []]]
[250, 168, 30.06, 27.11, [[], [1550.4379140532023, 1555.8531495093532, 1560.2750129360643], [], []], [[], [1550.4294146312475, 1555.8469321716384, 1560.2737948697882], [], []]]
[250, 171, 30.16, 27.08, [[], [1550.4379942373564, 1555.853149509521, 1560.27452570739], [], []], [[], [1550.4298155491147, 1555.8454787912783, 1560.275662583144], [], []]]
[250, 174, 30.22, 27.03, [[], [1550.4385555262681, 1555.8516153528988, 1560.274769321558], [], []], [[], [1550.429815541816, 1555.8396652786378, 1560.2742821005754], [], []]]
[255, 135, 30.08, 27.08, [[], [1550.4383149740552, 1555.8540377070524, 1560.2731452285404], [], []], [[], [1550.4299758915463, 1555.851050159259, 1560.2727392121963], [], []]]
[255, 138, 29.84, 27.0, [[], [1550.4387960786469, 1555.8537954716285, 1560.2734700469246], [], []], [[], [1550.4282920590636, 1555.8506464319048, 1560.2742821034494], [], []]]
[255, 141, 29.84, 27.1, [[], [1550.4387960783984, 1555.8536339809552, 1560.273876069862], [], []], [[], [1550.4294146303353, 1555.8473359106422, 1560.2711151215458], [], []]]
[255, 144, 29.8, 27.07, [[], [1550.4386357102562, 1555.8530687645195, 1560.273551251309], [], []], [[], [1550.4328625047497, 1555.8516153590167, 1560.2708715237757], [], []]]
[255, 147, 29.8, 27.07, [[], [1550.4387158944103, 1555.8522613134141, 1560.2744445029207], [], []], [[], [1550.4316597447628, 1555.850484937376, 1560.274688129599], [], []]]
[255, 150, 29.77, 27.1, [[], [1550.4393573677248, 1555.8516960979005, 1560.2734700469243], [], []], [[], [1550.4328624900697, 1555.8501619476478, 1560.268922627082], [], []]]
[255, 153, 29.84, 27.05, [[], [1550.438715894576, 1555.8525035490895, 1560.2737136608391], [], []], [[], [1550.4331030441074, 1555.8516153572568, 1560.2736324577222], [], []]]
[255, 156, 29.95, 27.01, [[], [1550.4375933171673, 1555.8529880195179, 1560.2742008886682], [], []], [[], [1550.4302966340504, 1555.8470129110249, 1560.2728204143837], [], []]]
[255, 159, 30.1, 27.1, [[], [1550.4363103738556, 1555.8544414328144, 1560.2733888421171], [], []], [[], [1550.4305371680175, 1555.8457210261993, 1560.2733888435541], [], []]]
[255, 162, 30.51, 27.14, [[], [1550.4356689028634, 1555.854279942476, 1560.2746881171734], [], []], [[], [1550.428692984561, 1555.8474973848897, 1560.2723331864695], [], []]]
[255, 165, 31.02, 27.05, [[], [1550.43590945433, 1555.854602923991, 1560.2737948656463], [], []], [[], [1550.4255658737156, 1555.8479011365482, 1560.2730640266072], [], []]]
[255, 168, 31.46, 27.07, [[], [1550.4364707415, 1555.8543606878966, 1560.2737136605854], [], []], [[], [1550.4278109533107, 1555.8520190823488, 1560.2733076421277], [], []]]
[255, 171, 31.72, 27.1, [[], [1550.4365509256538, 1555.8541184516348, 1560.274444503259], [], []], [[], [1550.4260469416504, 1555.8474166535486, 1560.2749317438515], [], []]]
[255, 174, 31.84, 27.16, [[], [1550.4363103736068, 1555.8536339809555, 1560.273876069862], [], []], [[], [1550.4242027804203, 1555.8463669800103, 1560.269978271657], [], []]]
[260, 135, 31.88, 27.14, [[], [1550.437593317167, 1555.8546029242423, 1560.2722519783658], [], []], [[], [1550.4290938871675, 1555.8512116630907, 1560.272495594732], [], []]]
[260, 138, 31.91, 27.11, [[], [1550.4366311093931, 1555.855087395928, 1560.273064023818], [], []], [[], [1550.427490211719, 1555.853230256785, 1560.2718459703897], [], []]]
[260, 141, 31.9, 27.11, [[], [1550.436390557512, 1555.8550066513453, 1560.272251978197], [], []], [[], [1550.4288533351205, 1555.853795471629, 1560.2720083668182], [], []]]
[260, 144, 31.83, 27.08, [[], [1550.4373527650368, 1555.854845160085, 1560.2726580008807], [], []], [[], [1550.4292542490894, 1555.8516961033479, 1560.2721707839555], [], []]]
[260, 147, 31.79, 27.08, [[], [1550.436390557595, 1555.855087395928, 1560.2727392053496], [], []], [[], [1550.428051490927, 1555.8499197326732, 1560.2737136725036], [], []]]
[260, 150, 31.7, 27.1, [[], [1550.436470741583, 1555.8545221785703, 1560.2727392054344], [], []], [[], [1550.4280515075138, 1555.8493545312394, 1560.2734700596036], [], []]]
[260, 153, 31.59, 27.05, [[], [1550.4358292704248, 1555.855006650256, 1560.273145228456], [], []], [[], [1550.430456976399, 1555.8493545245349, 1560.2723331944994], [], []]]
[260, 156, 31.43, 27.13, [[], [1550.433263391598, 1555.8549259050028, 1560.2729016144572], [], []], [[], [1550.42941459235, 1555.8516153930432, 1560.2720083695233], [], []]]
[260, 159, 31.28, 27.08, [[], [1550.4311786211779, 1555.854360687897, 1560.2737948653928], [], []], [[], [1550.4284523975975, 1555.8441061690778, 1560.269734662307], [], []]]
[260, 162, 31.1, 27.04, [[], [1550.4306173379891, 1555.8533109996079, 1560.2735512515628], [], []], [[], [1550.425004533716, 1555.8406341760826, 1560.273145247728], [], []]]
[260, 165, 30.85, 27.08, [[], [1550.4300560548832, 1555.8537147259567, 1560.273226432756], [], []], [[], [1550.4214765395054, 1555.842168311501, 1560.273307643058], [], []]]
[260, 168, 30.64, 27.16, [[], [1550.4299758716413, 1555.8532302551089, 1560.2735512513939], [], []], [[], [1550.4218774324922, 1555.8407956525089, 1560.2710339180067], [], []]]
[260, 171, 30.52, 27.07, [[], [1550.430056055049, 1555.8536339812067, 1560.2742008888372], [], []], [[], [1550.424443270929, 1555.856783063925, 1560.272170781335], [], []]]
[260, 174, 30.27, 27.13, [[], [1550.4301362382078, 1555.8526650391761, 1560.2729828190954], [], []], [[], [1550.4226792687232, 1555.845478828657, 1560.2713587397711], [], []]]
[265, 135, 29.92, 27.1, [[], [1550.4305371545818, 1555.8523420583322, 1560.2724955921112], [], []], [[], [1550.423801799937, 1555.8458017569533, 1560.2711963271986], [], []]]
[265, 138, 29.73, 27.16, [[], [1550.430296604691, 1555.8512923729763, 1560.2721707740661], [], []], [[], [1550.425645998405, 1555.846932183623, 1560.2716835595077], [], []]]
[265, 141, 29.7, 27.08, [[], [1550.4299758717243, 1555.8513731178941, 1560.2713587297972], [], []], [[], [1550.4228396094968, 1555.8428949705885, 1560.2715211509073], [], []]]
[265, 144, 29.76, 27.14, [[], [1550.430056054966, 1555.8522613137495, 1560.271439934182], [], []], [[], [1550.4234008865487, 1555.8456402647716, 1560.2703842844512], [], []]]
[265, 147, 29.85, 27.13, [[], [1550.4303767880983, 1555.850727158971, 1560.2721707738967], [], []], [[], [1550.4237216152856, 1555.842410512396, 1560.2729016254457], [], []]]
[265, 150, 29.93, 27.11, [[], [1550.429815505241, 1555.8509693933054, 1560.2719271604894], [], []], [[], [1550.4246838054764, 1555.8407956578721, 1560.2715211523441], [], []]]
[265, 153, 29.95, 27.03, [[], [1550.4303767880156, 1555.8514538639015, 1560.2723331832576], [], []], [[], [1550.4250847157136, 1555.8401496976924, 1560.2709527212294], [], []]]
[265, 156, 30.07, 27.13, [[], [1550.429574955516, 1555.851857588574, 1560.272008364874], [], []], [[], [1550.424844169721, 1555.8396652483837, 1560.2689226283505], [], []]]
[265, 159, 30.21, 27.01, [[], [1550.429815505324, 1555.8516960987386, 1560.272576796496], [], []], [[], [1550.4246838029885, 1555.8386155963833, 1560.271115128477], [], []]]
[265, 162, 30.69, 27.1, [[], [1550.4294145891156, 1555.851373118062, 1560.2731452282871], [], []], [[], [1550.420434161677, 1555.8399074647828, 1560.2724956057205], [], []]]
[265, 165, 31.49, 27.13, [[], [1550.4291740397225, 1555.852180568245, 1560.2724955919425], [], []], [[], [1550.4217170607837, 1555.8378081369815, 1560.2721707798985], [], []]]
[265, 168, 32.03, 27.1, [[], [1550.4292542227981, 1555.8516153528149, 1560.2723331828352], [], []], [[], [1550.4206746930734, 1555.8387770702952, 1560.2718459687835], [], []]]
[265, 171, 31.92, 27.08, [[], [1550.42869294077, 1555.8524228034173, 1560.2729016151334], [], []], [[], [1550.417868362219, 1555.8423297909444, 1560.2691662153013], [], []]]
[265, 174, 31.25, 27.05, [[], [1550.4290136734048, 1555.8518575881549, 1560.272495591858], [], []], [[], [1550.420273800502, 1555.8416031033623, 1560.269003818619], [], []]]
[270, 135, 30.36, 27.1, [[], [1550.429815505324, 1555.8528265295147, 1560.2711151164744], [], []], [[], [1550.4245234416474, 1555.8487893047468, 1560.272008377384], [], []]]
[270, 138, 30.07, 27.13, [[], [1550.4298956885655, 1555.8537147262919, 1560.2714399339281], [], []], [[], [1550.4241225398698, 1555.8488700485752, 1560.2695722419576], [], []]]
[270, 141, 30.13, 27.08, [[], [1550.4306173378234, 1555.85314950994, 1560.2719271604892], [], []], [[], [1550.4254054649357, 1555.850807913443, 1560.2682729840603], [], []]]
[270, 144, 30.49, 27.03, [[], [1550.4306173379061, 1555.8526650385897, 1560.271277525159], [], []], [[], [1550.4244432638793, 1555.8504849327662, 1560.2677045614823], [], []]]
[270, 147, 30.99, 27.11, [[], [1550.4299758717245, 1555.8540377080583, 1560.272251978197], [], []], [[], [1550.422037789686, 1555.8441061398291, 1560.2729016333064], [], []]]
[270, 150, 31.64, 27.17, [[], [1550.4298956884827, 1555.8535532368755, 1560.2723331828352], [], []], [[], [1550.4250045578506, 1555.8457210440508, 1560.2691662196119], [], []]]
[270, 153, 32.06, 27.1, [[], [1550.430617337906, 1555.8546836691603, 1560.2717647515512], [], []], [[], [1550.4234810721123, 1555.8403919438433, 1560.2701406677475], [], []]]
[270, 156, 32.11, 27.08, [[], [1550.4290136734048, 1555.8540377068848, 1560.2726580010499], [], []], [[], [1550.4203539755322, 1555.8427335044705, 1560.2731452391067], [], []]]
[270, 159, 31.78, 27.13, [[], [1550.4285325747019, 1555.8542799429792, 1560.2723331830043], [], []], [[], [1550.4175476424384, 1555.8384540989214, 1560.2713587348687], [], []]]
[270, 162, 31.1, 27.0, [[], [1550.4290938565637, 1555.8562985769017, 1560.272576796327], [], []], [[], [1550.420835060137, 1555.8406341851337, 1560.2722519901997], [], []]]
[270, 165, 30.52, 27.1, [[], [1550.430777704638, 1555.8557333597955, 1560.2722519784506], [], []], [[], [1550.4190710544483, 1555.8419260796811, 1560.2727392143943], [], []]]
[270, 168, 30.24, 27.07, [[], [1550.4300560548832, 1555.8558948504692, 1560.2726580008807], [], []], [[], [1550.4186701583103, 1555.8414416206506, 1560.2733076439874], [], []]]
[270, 171, 30.06, 27.13, [[], [1550.4309380711215, 1555.8570252874476, 1560.2727392057723], [], []], [[], [1550.4177079910917, 1555.8420068458024, 1560.2694910532946], [], []]]
[270, 174, 30.05, 27.1, [[], [1550.4318200884381, 1555.8568637960193, 1560.2726580007961], [], []], [[], [1550.4197125392907, 1555.8458018106744, 1560.272820424442], [], []]]
[275, 135, 30.3, 27.08, [[], [1550.436390557678, 1555.854683669244, 1560.2723331833422], [], []], [[], [1550.428773149059, 1555.8545221819227, 1560.2686790071666], [], []]]
[275, 138, 30.59, 27.08, [[], [1550.435989638318, 1555.8543606884834, 1560.2715211383972], [], []], [[], [1550.4289335143812, 1555.8540377164388, 1560.270627892618], [], []]]
[275, 141, 30.86, 27.17, [[], [1550.4368716611916, 1555.8529072741808, 1560.2722519786196], [], []], [[], [1550.4297353375084, 1555.8537954781657, 1560.271764757806], [], []]]
[275, 144, 31.1, 27.1, [[], [1550.4371122129896, 1555.8520190792476, 1560.2718459561047], [], []], [[], [1550.4301362606834, 1555.8529880269766, 1560.2690038263956], [], []]]
[275, 147, 31.27, 27.11, [[], [1550.4367112936302, 1555.852180569251, 1560.272008365297], [], []], [[], [1550.4291740756337, 1555.8523420763509, 1560.2733076472841], [], []]]
[275, 150, 31.38, 27.16, [[], [1550.4362301897847, 1555.852180568245, 1560.2723331830887], [], []], [[], [1550.4277307908858, 1555.8525843012146, 1560.2694910350374], [], []]]
[275, 153, 31.54, 27.1, [[], [1550.4367914772033, 1555.852665039428, 1560.272576796496], [], []], [[], [1550.4231603744765, 1555.8501619621468, 1560.2732264393494], [], []]]
[275, 156, 31.86, 27.08, [[], [1550.4363103737728, 1555.8525842937559, 1560.273551251478], [], []], [[], [1550.428372266937, 1555.8493545049237, 1560.2696534506529], [], []]]
[275, 159, 32.01, 27.08, [[], [1550.4358292705078, 1555.853068764603, 1560.2732264328408], [], []], [[], [1550.4233207405448, 1555.8491122945584, 1560.2729828341412], [], []]]
[275, 162, 31.91, 27.11, [[], [1550.4355887190413, 1555.852745784178, 1560.272820410157], [], []], [[], [1550.4263677024003, 1555.848547051807, 1560.2709527226662], [], []]]
[275, 165, 31.62, 27.11, [[], [1550.4359896384838, 1555.8512116285615, 1560.2727392059414], [], []], [[], [1550.4214765550148, 1555.847820359448, 1560.2719271657302], [], []]]
[275, 168, 31.38, 27.11, [[], [1550.4362301898677, 1555.8515346085678, 1560.2728204101572], [], []], [[], [1550.423641511579, 1555.846124715421, 1560.2692474256023], [], []]]
[275, 171, 31.37, 27.16, [[], [1550.437432949357, 1555.8498389657977, 1560.2732264330098], [], []], [[], [1550.4224387578124, 1555.8447520880245, 1560.2729828311826], [], []]]
[275, 174, 31.4, 27.11, [[], [1550.4367914772033, 1555.8495967310444, 1560.2736324562852], [], []], [[], [1550.424202810526, 1555.8425719957781, 1560.2697346458244], [], []]]
[280, 135, 31.6, 27.11, [[], [1550.4395177361985, 1555.8465284357355, 1560.2726580011342], [], []], [[], [1550.4342256128907, 1555.8474973766763, 1560.2682729817784], [], []]]
[280, 138, 31.64, 27.11, [[], [1550.440800684984, 1555.845801735834, 1560.2721707738121], [], []], [[], [1550.4306975588008, 1555.8500812099378, 1560.2733888570785], [], []]]
[280, 141, 31.63, 27.13, [[], [1550.4399186575488, 1555.8450750354289, 1560.2716835477584], [], []], [[], [1550.4339048849833, 1555.8474973867333, 1560.270140666818], [], []]]
[280, 144, 31.62, 27.04, [[], [1550.439758288992, 1555.8449135471021, 1560.2725767964962], [], []], [[], [1550.4327823091503, 1555.8499197190129, 1560.2691662207108], [], []]]
[280, 147, 31.58, 27.16, [[], [1550.4399988417028, 1555.8449942919362, 1560.2719271604049], [], []], [[], [1550.4344661766318, 1555.8476588682718, 1560.268272994034], [], []]]
[280, 150, 31.54, 27.05, [[], [1550.4395979203525, 1555.8437023832257, 1560.2729016147953], [], []], [[], [1550.4334237797277, 1555.8483855700174, 1560.271521143469], [], []]]
[280, 153, 31.47, 27.1, [[], [1550.4396781048383, 1555.8443483384608, 1560.2725767964114], [], []], [[], [1550.428211892575, 1555.848870068605, 1560.2724144019273], [], []]]
[280, 156, 31.15, 27.11, [[], [1550.439838473229, 1555.8441868481225, 1560.272170774066], [], []], [[], [1550.4288533550248, 1555.8503234553345, 1560.2700594844096], [], []]]
[280, 159, 30.85, 27.13, [[], [1550.439758288992, 1555.8449942912655, 1560.2717647515512], [], []], [[], [1550.4264478736163, 1555.8500004622542, 1560.2707091162747], [], []]]
[280, 162, 30.64, 27.13, [[], [1550.4392771835708, 1555.845640246585, 1560.2721707739813], [], []], [[], [1550.4258866165521, 1555.8468514477565, 1560.2686790005737], [], []]]
[280, 165, 30.59, 27.13, [[], [1550.4393573678076, 1555.8444290828759, 1560.2713587297972], [], []], [[], [1550.4268488001915, 1555.8470936824258, 1560.2683541882757], [], []]]
[280, 168, 30.7, 27.16, [[], [1550.4393573677248, 1555.8462862014849, 1560.2720895692585], [], []], [[], [1550.424603688086, 1555.8453980373931, 1560.2690850294277], [], []]]
[280, 171, 30.91, 27.13, [[], [1550.439036631026, 1555.8462054587462, 1560.2714399338438], [], []], [[], [1550.4238019120662, 1555.8382118243594, 1560.2698158506316], [], []]]
[280, 174, 31.16, 27.13, [[], [1550.4399988419516, 1555.8445098254465, 1560.2717647518048], [], []], [[], [1550.4235613153166, 1555.8490315268448, 1560.2715211433], [], []]]
[285, 135, 31.51, 27.17, [[], [1550.4410412379434, 1555.8425719661102, 1560.27119632069], [], []], [[], [1550.437914056271, 1555.8418452740025, 1560.271196332439], [], []]]
[285, 138, 31.67, 27.08, [[], [1550.44144216004, 1555.84249122136, 1560.2707902987672], [], []], [[], [1550.438154611304, 1555.8425719713064, 1560.2687601983653], [], []]]
[285, 141, 31.43, 27.11, [[], [1550.4410412379434, 1555.8434601514055, 1560.2706278901671], [], []], [[], [1550.4366311222484, 1555.8430564405612, 1560.271845969629], [], []]]
[285, 144, 30.74, 27.19, [[], [1550.441762897817, 1555.8428949417582, 1560.270709094467], [], []], [[], [1550.4387960839551, 1555.8421682493156, 1560.2689226157559], [], []]]
[285, 147, 30.03, 27.13, [[], [1550.4406403162614, 1555.8441868492953, 1560.2716835472513], [], []], [[], [1550.4346265273573, 1555.8459632273452, 1560.2696534464267], [], []]]
[285, 150, 29.76, 27.16, [[], [1550.4409610537064, 1555.8442675932915, 1560.2705466859513], [], []], [[], [1550.4307777315098, 1555.8488700354171, 1560.2712775301463], [], []]]
[285, 153, 29.92, 27.13, [[], [1550.4396781045893, 1555.8458017350792, 1560.2708715034053], [], []], [[], [1550.4298155517686, 1555.852745814182, 1560.270465499317], [], []]]
[285, 156, 30.51, 27.14, [[], [1550.4394375519616, 1555.8463669468217, 1560.2707902988518], [], []], [[], [1550.4306975600452, 1555.8491930241394, 1560.2673797519735], [], []]]
[285, 159, 31.32, 27.05, [[], [1550.4397582888264, 1555.8457209915027, 1560.271115116221], [], []], [[], [1550.4328625008516, 1555.8499197182582, 1560.2650248198333], [], []]]
[285, 162, 31.85, 27.1, [[], [1550.439678105004, 1555.8463669456482, 1560.2702218687512], [], []], [[], [1550.426768595138, 1555.8504041846638, 1560.2710339189366], [], []]]
[285, 165, 31.99, 27.11, [[], [1550.4400790265202, 1555.8448328031063, 1560.2708715032363], [], []], [[], [1550.427730809049, 1555.8453980367226, 1560.267704558693], [], []]]
[285, 168, 31.79, 27.08, [[], [1550.440319578982, 1555.8446713138574, 1560.2703842770977], [], []], [[], [1550.428452446447, 1555.8483855649051, 1560.2685977952592], [], []]]
[285, 171, 31.35, 27.13, [[], [1550.4403997632187, 1555.8445098251118, 1560.2707090948893], [], []], [[], [1550.4271695482526, 1555.8463669570465, 1560.2681917684336], [], []]]
[285, 174, 30.96, 27.1, [[], [1550.4412016069978, 1555.8423297333684, 1560.2700594602356], [], []], [[], [1550.42708933872, 1555.8500004668635, 1560.2685165884232], [], []]]
